Workbook

Sheet DATASHEET
A1: TANGGAL | B1: CO | C1: NO2 | D1: O3 | E1: PM10 | F1: PM2.5 | G1: SO2 | H1: SEPEDA MOTOR | I1: MOBIL PRIBADI | J1: BIS/TRUCK BARANG
A2: 45337 | B2: 1 | C2: 20 | D2: 29.75 | E2: 13.76 | F2: 14.02 | G2: 39.89 | H2: 148384 | I2: 55102 | J2: 21131
A3: 45338 | B3: 1.49 | C3: 6.93 | D3: 19.78 | E3: 15.49 | F3: 15.18 | G3: 44.29 | H3: 161673 | I3: 60396 | J3: 26323
A4: 45342 | B4: 0.81 | C4: 13.53 | D4: 28.29 | E4: 16.67 | F4: 17.17 | G4: 18.2 | H4: 165764 | I4: 60934 | J4: 26548
A5: 45343 | B5: 1.39 | C5: 23.55 | D5: 22.96 | E5: 11.09 | F5: 15.05 | G5: 68.34 | H5: 143283 | I5: 54033 | J5: 26256
A6: 45344 | B6: 1.47 | C6: 113 | D6: 4.23 | E6: 2.04 | F6: 2.77 | G6: 81 | H6: 184188 | I6: 63106 | J6: 26807
A7: 45372 | B7: 1.12 | C7: 23.83 | D7: 43.46 | E7: 19.5 | F7: 19 | G7: 18.69 | H7: 185771 | I7: 59183 | J7: 25106
A8: 45373 | B8: 1.25 | C8: 26.63 | D8: 48.8 | E8: 29.73 | F8: 29.29 | G8: 21.42 | H8: 172673 | I8: 61134 | J8: 23582
A9: 45377 | B9: 1.12 | C9: 26.06 | D9: 49.67 | E9: 19.3 | F9: 19 | G9: 17.46 | H9: 171563 | I9: 60161 | J9: 26248
A10: 45383 | B10: 1.06 | C10: 25.42 | D10: 39.67 | E10: 11.58 | F10: 11.1 | G10: 20.17 | H10: 185013 | I10: 69963 | J10: 26633
A11: 45384 | B11: 1.17 | C11: 26.18 | D11: 39.47 | E11: 12.55 | F11: 12.07 | G11: 24.49 | H11: 148613 | I11: 57298 | J11: 25567
A12: 45385 | B12: 1.14 | C12: 26.15 | D12: 42.61 | E12: 16.45 | F12: 16.38 | G12: 22.4 | H12: 185635 | I12: 66703 | J12: 27783
A13: 45386 | B13: 1.1 | C13: 26.41 | D13: 46.31 | E13: 14 | F13: 13.67 | G13: 19.25 | H13: 162905 | I13: 66811 | J13: 32650
A14: 45387 | B14: 1.07 | C14: 24.06 | D14: 43.19 | E14: 13.08 | F14: 12.56 | G14: 18.29 | H14: 185156 | I14: 77105 | J14: 25781
A15: 45388 | B15: 1.09 | C15: 24.24 | D15: 39.46 | E15: 15.4 | F15: 14.82 | G15: 18.37 | H15: 132394 | I15: 65332 | J15: 26447
A16: 45389 | B16: 1.19 | C16: 25.24 | D16: 41.92 | E16: 20.3 | F16: 19.88 | G16: 23.53 | H16: 131300 | I16: 73922 | J16: 20660
A17: 45390 | B17: 1.31 | C17: 25.37 | D17: 39.29 | E17: 19.64 | F17: 19.2 | G17: 32.15 | H17: 138682 | I17: 75842 | J17: 26904
A18: 45391 | B18: 1.22 | C18: 26.46 | D18: 38.47 | E18: 17.44 | F18: 17.28 | G18: 28.79 | H18: 145227 | I18: 69217 | J18: 15346
A19: 45392 | B19: 1.22 | C19: 26.31 | D19: 35.58 | E19: 13.62 | F19: 13.19 | G19: 29.24 | H19: 83315 | I19: 70686 | J19: 17916
A20: 45393 | B20: 1.22 | C20: 27.12 | D20: 34.45 | E20: 10.05 | F20: 9.57 | G20: 29.65 | H20: 96864 | I20: 80354 | J20: 18746
A21: 45394 | B21: 1.15 | C21: 27.51 | D21: 34.13 | E21: 11.39 | F21: 11.07 | G21: 25.38 | H21: 136910 | I21: 72175 | J21: 14803
A22: 45395 | B22: 1.3 | C22: 27 | D22: 39.24 | E22: 17.22 | F22: 16.87 | G22: 31.71 | H22: 116389 | I22: 82775 | J22: 25296
A23: 45396 | B23: 1.29 | C23: 27.47 | D23: 39.63 | E23: 17.39 | F23: 17.84 | G23: 31.51 | H23: 136340 | I23: 84449 | J23: 21273
A24: 45397 | B24: 1.22 | C24: 27.38 | D24: 40.98 | E24: 18.45 | F24: 18.48 | G24: 23.68 | H24: 161911 | I24: 77932 | J24: 22331
A25: 45398 | B25: 1.1 | C25: 26.62 | D25: 43.81 | E25: 19.44 | F25: 19.71 | G25: 19.13 | H25: 173055 | I25: 71573 | J25: 26832
A26: 45399 | B26: 1.05 | C26: 25.3 | D26: 38.75 | E26: 13.72 | F26: 13.86 | G26: 18.07 | H26: 136714 | I26: 64963 | J26: 27918
A27: 45400 | B27: 1.18 | C27: 27.06 | D27: 37.17 | E27: 16.42 | F27: 15.8 | G27: 21.42 | H27: 158986 | I27: 65700 | J27: 23944
A28: 45401 | B28: 1.19 | C28: 27.08 | D28: 35.1 | E28: 11.97 | F28: 11.38 | G28: 22.92 | H28: 154378 | I28: 65911 | J28: 28749
A29: 45402 | B29: 1.15 | C29: 27.11 | D29: 33.99 | E29: 16 | F29: 16.03 | G29: 23.14 | H29: 154000 | I29: 72316 | J29: 29668
A30: 45403 | B30: 1.22 | C30: 27.42 | D30: 38.65 | E30: 19.93 | F30: 19.78 | G30: 23.94 | H30: 120505 | I30: 69223 | J30: 19673
A31: 45404 | B31: 1.15 | C31: 27.25 | D31: 34.39 | E31: 13.23 | F31: 13.21 | G31: 22.14 | H31: 136653 | I31: 61731 | J31: 29105
A32: 45405 | B32: 1.12 | C32: 27.33 | D32: 38.57 | E32: 14.79 | F32: 14.8 | G32: 19.36 | H32: 179314 | I32: 67401 | J32: 21034
A33: 45406 | B33: 1.39 | C33: 27.01 | D33: 35.24 | E33: 29.46 | F33: 29.65 | G33: 36.53 | H33: 183023 | I33: 66596 | J33: 23649
A34: 45407 | B34: 1.23 | C34: 26.83 | D34: 41.18 | E34: 27.47 | F34: 28.45 | G34: 24.76 | H34: 180926 | I34: 66500 | J34: 22820
A35: 45408 | B35: 1.12 | C35: 26.4 | D35: 40.69 | E35: 21.1 | F35: 21.33 | G35: 16.84 | H35: 174082 | I35: 63860 | J35: 29455
A36: 45409 | B36: 1.04 | C36: 23.85 | D36: 42.77 | E36: 17.67 | F36: 17.57 | G36: 15.18 | H36: 141930 | I36: 65369 | J36: 30755
A37: 45410 | B37: 1.25 | C37: 26.03 | D37: 44.25 | E37: 29.48 | F37: 28.6 | G37: 22.69 | H37: 132903 | I37: 67298 | J37: 26758
A38: 45411 | B38: 1.14 | C38: 25.84 | D38: 44.41 | E38: 26.41 | F38: 26.11 | G38: 19.32 | H38: 171608 | I38: 63485 | J38: 29197
A39: 45412 | B39: 1.2 | C39: 26.48 | D39: 42.43 | E39: 31.45 | F39: 31.49 | G39: 22.8 | H39: 189591 | I39: 67009 | J39: 26866
A40: 45413 | B40: 1.14 | C40: 26.56 | D40: 39.44 | E40: 30.47 | F40: 29.73 | G40: 22.35 | H40: 147924 | I40: 63815 | J40: 22068
A41: 45414 | B41: 1.08 | C41: 26.38 | D41: 34.46 | E41: 24.37 | F41: 23.99 | G41: 22.01 | H41: 173903 | I41: 64973 | J41: 28906
... A44: 45417 | B44: 1.07 | C44: 21.25 | D44: 27.9 | E44: 17.98 | F44: 17.46 | G44: 23.77 | H44: 153475 | I44: 66384 | J44: 25323
A45: 45418 | B45: 1.04 | C45: 21.01 | D45: 26.96 | E45: 16.67 | F45: 16 | G45: 22.88 | H45: 127665 | I45: 56736 | J45: 34423
A46: 45419 | B46: 1.09 | C46: 23.68 | D46: 27.11 | E46: 21.15 | F46: 20.45 | G46: 24.41 | H46: 141241 | I46: 58537 | J46: 31969
A47: 45420 | B47: 1.05 | C47: 25.32 | D47: 28.38 | E47: 19.59 | F47: 19.2 | G47: 23.5 | H47: 155464 | I47: 65768 | J47: 29695
A48: 45421 | B48: 1.27 | C48: 25.77 | D48: 28.74 | E48: 31.54 | F48: 31.47 | G48: 31.69 | H48: 148305 | I48: 67511 | J48: 25664
A49: 45422 | B49: 1.18 | C49: 25.89 | D49: 29.58 | E49: 37.38 | F49: 38.36 | G49: 26.31 | H49: 154327 | I49: 63373 | J49: 27740
A50: 45423 | B50: 1.12 | C50: 24.18 | D50: 31.19 | E50: 36.45 | F50: 38.24 | G50: 24.41 | H50: 163824 | I50: 66076 | J50: 27943
A51: 45424 | B51: 1.12 | C51: 25.01 | D51: 30.99 | E51: 36.2 | F51: 35.88 | G51: 24.16 | H51: 143482 | I51: 59366 | J51: 26177
A52: 45425 | B52: 1.15 | C52: 23.81 | D52: 30.77 | E52: 39.64 | F52: 39.4 | G52: 26.18 | H52: 176195 | I52: 59139 | J52: 31892
A53: 45426 | B53: 1.15 | C53: 25.08 | D53: 28.48 | E53: 34.89 | F53: 34.28 | G53: 27.08 | H53: 166263 | I53: 59406 | J53: 28431
A54: 45427 | B54: 1.19 | C54: 25.77 | D54: 27.02 | E54: 39.64 | F54: 40.09 | G54: 27.34 | H54: 186561 | I54: 61296 | J54: 27906
A55: 45428 | B55: 1.17 | C55: 25.41 | D55: 30.76 | E55: 38.9 | F55: 38.17 | G55: 23.43 | H55: 170709 | I55: 59572 | J55: 28387
A56: 45429 | B56: 1.15 | C56: 26.46 | D56: 36.34 | E56: 29.04 | F56: 28.26 | G56: 21.78 | H56: 164514 | I56: 56869 | J56: 27898
A57: 45430 | B57: 1.12 | C57: 26.42 | D57: 38.93 | E57: 28.77 | F57: 28.16 | G57: 22.43 | H57: 168598 | I57: 59768 | J57: 28485
... A64: 45447 | B64: 1.12 | C64: 67.45 | D64: 12.76 | E64: 26.44 | F64: 19.67 | G64: 82.98 | H64: 192581 | I64: 52647 | J64: 27393
A65: 45448 | B65: 0.93 | C65: 19.26 | D65: 14.43 | E65: 23.3 | F65: 23 | G65: 113.65 | H65: 177285 | I65: 49822 | J65: 25697
A66: 45449 | B66: 0.49 | C66: 9.35 | D66: 12.56 | E66: 20.07 | F66: 19.52 | G66: 61.14 | H66: 159798 | I66: 55280 | J66: 26677
A67: 45450 | B67: 0.55 | C67: 9.15 | D67: 12.39 | E67: 27.96 | F67: 27.65 | G67: 62.57 | H67: 179364 | I67: 61084 | J67: 24879
A68: 45451 | B68: 0.52 | C68: 9.25 | D68: 12.25 | E68: 26.29 | F68: 25.86 | G68: 61.99 | H68: 177516 | I68: 61357 | J68: 24874
A69: 45452 | B69: 0.54 | C69: 9.35 | D69: 12.66 | E69: 29.97 | F69: 29.82 | G69: 63.02 | H69: 163439 | I69: 60367 | J69: 22954
A70: 45453 | B70: 0.51 | C70: 9.4 | D70: 12.81 | E70: 27.22 | F70: 26.61 | G70: 61.95 | H70: 173581 | I70: 56777 | J70: 24245
A71: 45454 | B71: 0.55 | C71: 9.5 | D71: 13.26 | E71: 28.96 | F71: 28.38 | G71: 65.18 | H71: 166845 | I71: 55248 | J71: 26737
A72: 45455 | B72: 0.55 | C72: 9.55 | D72: 13.51 | E72: 29.45 | F72: 29.99 | G72: 65.93 | H72: 157854 | I72: 58180 | J72: 23700
A73: 45456 | B73: 0.61 | C73: 9.32 | D73: 13.17 | E73: 27.99 | F73: 27.67 | G73: 67.88 | H73: 179582 | I73: 60751 | J73: 26835
A74: 45457 | B74: 0.64 | C74: 9.4 | D74: 13.19 | E74: 37.97 | F74: 38.22 | G74: 72.4 | H74: 182849 | I74: 64237 | J74: 27264
A75: 45458 | B75: 0.51 | C75: 9.33 | D75: 13.04 | E75: 34.19 | F75: 34.33 | G75: 62.85 | H75: 180566 | I75: 71152 | J75: 23817
A76: 45459 | B76: 0.63 | C76: 9.25 | D76: 12.72 | E76: 44.45 | F76: 44.92 | G76: 69.58 | H76: 150362 | I76: 62821 | J76: 23335
A77: 45460 | B77: 0.48 | C77: 9.53 | D77: 13.77 | E77: 32.14 | F77: 32.2 | G77: 64.91 | H77: 122440 | I77: 50393 | J77: 19664
... A81: 45464 | B81: 0.37 | C81: 9.86 | D81: 16.09 | E81: 21.61 | F81: 20.49 | G81: 62.57 | H81: 152805 | I81: 53761 | J81: 23229
A82: 45465 | B82: 0.39 | C82: 9.77 | D82: 16 | E82: 23.38 | F82: 22.26 | G82: 61.76 | H82: 162140 | I82: 60911 | J82: 27366
A83: 45466 | B83: 0.36 | C83: 9.81 | D83: 16.16 | E83: 19.47 | F83: 19.03 | G83: 61.58 | H83: 156095 | I83: 61457 | J83: 19868
A84: 45467 | B84: 0.36 | C84: 9.92 | D84: 16.79 | E84: 19.77 | F84: 19.2 | G84: 64.02 | H84: 177958 | I84: 55631 | J84: 22908
A85: 45468 | B85: 0.38 | C85: 9.69 | D85: 16.02 | E85: 21.9 | F85: 20.71 | G85: 65.65 | H85: 153477 | I85: 55766 | J85: 25181
A86: 45469 | B86: 0.38 | C86: 9.83 | D86: 16.48 | E86: 23.75 | F86: 22.79 | G86: 66.56 | H86: 159888 | I86: 59455 | J86: 28075
A87: 45470 | B87: 0.47 | C87: 22.36 | D87: 29.68 | E87: 20.22 | F87: 22.35 | G87: 70.83 | H87: 163168 | I87: 61158 | J87: 25233
A88: 45471 | B88: 1.24 | C88: 118.62 | D88: 135.97 | E88: 20.05 | F88: 24.35 | G88: 120.04 | H88: 187055 | I88: 72768 | J88: 27061
A89: 45472 | B89: 1.24 | C89: 120.42 | D89: 140.37 | E89: 22.56 | F89: 26.11 | G89: 121.4 | H89: 172196 | I89: 70361 | J89: 26573
A90: 45473 | B90: 1.11 | C90: 114.35 | D90: 129.93 | E90: 11.4 | F90: 12.89 | G90: 118.39 | H90: 144103 | I90: 65200 | J90: 25008
A91: 45474 | B91: 1.14 | C91: 117.28 | D91: 132.82 | E91: 15.25 | F91: 17.17 | G91: 120.24 | H91: 170957 | I91: 55377 | J91: 26494
A92: 45475 | B92: 1.22 | C92: 120.39 | D92: 136.87 | E92: 17.04 | F92: 22.53 | G92: 124.35 | H92: 176239 | I92: 56669 | J92: 24498
A93: 45476 | B93: 1.18 | C93: 119.9 | D93: 135.04 | E93: 12.25 | F93: 16.73 | G93: 121.94 | H93: 173466 | I93: 56363 | J93: 28553
A94: 45477 | B94: 1.15 | C94: 121.94 | D94: 138.31 | E94: 10.68 | F94: 14.88 | G94: 121.66 | H94: 188337 | I94: 61415 | J94: 30301
... A109: 45492 | B109: 0.84 | C109: 29.82 | D109: 51.03 | E109: 25.09 | F109: 29.42 | G109: 77.06 | H109: 177416 | I109: 56317 | J109: 31228
A110: 45493 | B110: 0.83 | C110: 28 | D110: 46.82 | E110: 21.56 | F110: 29.71 | G110: 75.84 | H110: 172199 | I110: 55444 | J110: 30217
A111: 45494 | B111: 0.8 | C111: 26.77 | D111: 43.04 | E111: 17.92 | F111: 17.32 | G111: 75.44 | H111: 156491 | I111: 51427 | J111: 27376
A112: 45495 | B112: 0.8 | C112: 26.87 | D112: 42.78 | E112: 20.35 | F112: 19.51 | G112: 74.52 | H112: 187154 | I112: 57285 | J112: 32317
A113: 45496 | B113: 0.8 | C113: 27.63 | D113: 44.92 | E113: 20.84 | F113: 20.79 | G113: 74.45 | H113: 157771 | I113: 48941 | J113: 31189
A114: 45497 | B114: 0.79 | C114: 27.8 | D114: 44.26 | E114: 18 | F114: 17.42 | G114: 75.08 | H114: 166953 | I114: 60381 | J114: 29511
A115: 45498 | B115: 0.83 | C115: 27.73 | D115: 44.63 | E115: 19.71 | F115: 18.93 | G115: 73.3 | H115: 152172 | I115: 56498 | J115: 30524
A116: 45499 | B116: 0.89 | C116: 27.6 | D116: 39.59 | E116: 22.1 | F116: 21.81 | G116: 72.43 | H116: 175115 | I116: 61587 | J116: 27935
A117: 45500 | B117: 0.95 | C117: 21.47 | D117: 28.97 | E117: 24.24 | F117: 24.24 | G117: 72.25 | H117: 155760 | I117: 70163 | J117: 32663
A118: 45501 | B118: 0.92 | C118: 21.65 | D118: 28.65 | E118: 21.68 | F118: 21.44 | G118: 73.26 | H118: 121431 | I118: 60069 | J118: 25891
A119: 45502 | B119: 0.89 | C119: 21.95 | D119: 27.74 | E119: 18.52 | F119: 18.13 | G119: 74.92 | H119: 173294 | I119: 64330 | J119: 32299
A120: 45503 | B120: 0.89 | C120: 21.5 | D120: 28.25 | E120: 18.14 | F120: 17.68 | G120: 75.23 | H120: 150074 | I120: 57122 | J120: 31545
A121: 45504 | B121: 0.92 | C121: 21.41 | D121: 28.41 | E121: 19.43 | F121: 19.27 | G121: 75.56 | H121: 166685 | I121: 60294 | J121: 31176
A122: 45505 | B122: 0.91 | C122: 21.21 | D122: 28.84 | E122: 16.47 | F122: 17.57 | G122: 74.29 | H122: 214228 | I122: 63900 | J122: 24987
A123: 45506 | B123: 0.9 | C123: 21.73 | D123: 28.32 | E123: 16.45 | F123: 18.18 | G123: 75.75 | H123: 156679 | I123: 60302 | J123: 26478
A124: 45507 | B124: 0.93 | C124: 21.33 | D124: 29.66 | E124: 17.84 | F124: 19.51 | G124: 80.78 | H124: 131229 | I124: 62193 | J124: 33448
A125: 45508 | B125: 0.91 | C125: 22.04 | D125: 27.52 | E125: 16.26 | F125: 17.68 | G125: 79.73 | H125: 108257 | I125: 57493 | J125: 32065
...

Sheet CO
A1: date | B1: min | C1: max | D1: median | E1: q1 | F1: q3 | G1: stdev | H1: count | I1: cek
A2: 45337 | B2: 0.67 | C2: 1.47 | D2: 1 | E2: 0.76 | F2: 1.25 | G2: 0.263 | H2: 24 | I2: =AND(COUNTIF('NO2'!A:A,A2)>0,COUNTIF('O3'!A:A,A2)>0,COUNTIF('PM10'!A:A,A2)>0,COUNTIF('PM2.5'!A:A,A2)>0,COUNTIF('SO2'!A:A,A2)>0) -> TRUE
A3: 45338 | B3: 1.39 | C3: 1.63 | D3: 1.49 | E3: 1.43 | F3: 1.6 | G3: 0.084 | H3: 24 | I3: =AND(COUNTIF('NO2'!A:A,A3)>0,COUNTIF('O3'!A:A,A3)>0,COUNTIF('PM10'!A:A,A3)>0,COUNTIF('PM2.5'!A:A,A3)>0,COUNTIF('SO2'!A:A,A3)>0) -> TRUE
A4: 45342 | B4: 0.55 | C4: 1.2 | D4: 0.81 | E4: 0.62 | F4: 1.01 | G4: 0.213 | H4: 24 | I4: =AND(COUNTIF('NO2'!A:A,A4)>0,COUNTIF('O3'!A:A,A4)>0,COUNTIF('PM10'!A:A,A4)>0,COUNTIF('PM2.5'!A:A,A4)>0,COUNTIF('SO2'!A:A,A4)>0) -> TRUE
A5: 45343 | B5: 1.23 | C5: 1.44 | D5: 1.39 | E5: 1.37 | F5: 1.41 | G5: 0.049 | H5: 24 | I5: =AND(COUNTIF('NO2'!A:A,A5)>0,COUNTIF('O3'!A:A,A5)>0,COUNTIF('PM10'!A:A,A5)>0,COUNTIF('PM2.5'!A:A,A5)>0,COUNTIF('SO2'!A:A,A5)>0) -> TRUE
A6: 45344 | B6: 1.44 | C6: 1.47 | D6: 1.47 | E6: 1.46 | F6: 1.47 | G6: 0.008 | H6: 24 | I6: =AND(COUNTIF('NO2'!A:A,A6)>0,COUNTIF('O3'!A:A,A6)>0,COUNTIF('PM10'!A:A,A6)>0,COUNTIF('PM2.5'!A:A,A6)>0,COUNTIF('SO2'!A:A,A6)>0) -> TRUE
A7: 45372 | B7: 1.11 | C7: 1.12 | D7: 1.12 | E7: 1.12 | F7: 1.12 | G7: 0.006 | H7: 9 | I7: =AND(COUNTIF('NO2'!A:A,A7)>0,COUNTIF('O3'!A:A,A7)>0,COUNTIF('PM10'!A:A,A7)>0,COUNTIF('PM2.5'!A:A,A7)>0,COUNTIF('SO2'!A:A,A7)>0) -> TRUE
A8: 45373 | B8: 1.25 | C8: 1.25 | D8: 1.25 | E8: 1.25 | F8: 1.25 | G8: 0.002 | H8: 4 | I8: =AND(COUNTIF('NO2'!A:A,A8)>0,COUNTIF('O3'!A:A,A8)>0,COUNTIF('PM10'!A:A,A8)>0,COUNTIF('PM2.5'!A:A,A8)>0,COUNTIF('SO2'!A:A,A8)>0) -> TRUE
A9: 45377 | B9: 1.12 | C9: 1.12 | D9: 1.12 | E9: 1.12 | F9: 1.12 | G9: 0 | H9: 1 | I9: =AND(COUNTIF('NO2'!A:A,A9)>0,COUNTIF('O3'!A:A,A9)>0,COUNTIF('PM10'!A:A,A9)>0,COUNTIF('PM2.5'!A:A,A9)>0,COUNTIF('SO2'!A:A,A9)>0) -> TRUE
A10: 45383 | B10: 1.01 | C10: 1.12 | D10: 1.06 | E10: 1.03 | F10: 1.1 | G10: 0.037 | H10: 21 | I10: =AND(COUNTIF('NO2'!A:A,A10)>0,COUNTIF('O3'!A:A,A10)>0,COUNTIF('PM10'!A:A,A10)>0,COUNTIF('PM2.5'!A:A,A10)>0,COUNTIF('SO2'!A:A,A10)>0) -> TRUE
A11: 45384 | B11: 1.13 | C11: 1.18 | D11: 1.17 | E11: 1.15 | F11: 1.17 | G11: 0.01 | H11: 24 | I11: =AND(COUNTIF('NO2'!A:A,A11)>0,COUNTIF('O3'!A:A,A11)>0,COUNTIF('PM10'!A:A,A11)>0,COUNTIF('PM2.5'!A:A,A11)>0,COUNTIF('SO2'!A:A,A11)>0) -> TRUE
A12: 45385 | B12: 1.12 | C12: 1.15 | D12: 1.14 | E12: 1.12 | F12: 1.14 | G12: 0.01 | H12: 24 | I12: =AND(COUNTIF('NO2'!A:A,A12)>0,COUNTIF('O3'!A:A,A12)>0,COUNTIF('PM10'!A:A,A12)>0,COUNTIF('PM2.5'!A:A,A12)>0,COUNTIF('SO2'!A:A,A12)>0) -> TRUE
A13: 45386 | B13: 1.08 | C13: 1.12 | D13: 1.1 | E13: 1.08 | F13: 1.12 | G13: 0.015 | H13: 24 | I13: =AND(COUNTIF('NO2'!A:A,A13)>0,COUNTIF('O3'!A:A,A13)>0,COUNTIF('PM10'!A:A,A13)>0,COUNTIF('PM2.5'!A:A,A13)>0,COUNTIF('SO2'!A:A,A13)>0) -> TRUE
A14: 45387 | B14: 1.06 | C14: 1.09 | D14: 1.07 | E14: 1.06 | F14: 1.09 | G14: 0.012 | H14: 23 | I14: =AND(COUNTIF('NO2'!A:A,A14)>0,COUNTIF('O3'!A:A,A14)>0,COUNTIF('PM10'!A:A,A14)>0,COUNTIF('PM2.5'!A:A,A14)>0,COUNTIF('SO2'!A:A,A14)>0) -> TRUE
A15: 45388 | B15: 1.08 | C15: 1.13 | D15: 1.09 | E15: 1.08 | F15: 1.11 | G15: 0.017 | H15: 24 | I15: =AND(COUNTIF('NO2'!A:A,A15)>0,COUNTIF('O3'!A:A,A15)>0,COUNTIF('PM10'!A:A,A15)>0,COUNTIF('PM2.5'!A:A,A15)>0,COUNTIF('SO2'!A:A,A15)>0) -> TRUE
A16: 45389 | B16: 1.14 | C16: 1.37 | D16: 1.19 | E16: 1.17 | F16: 1.32 | G16: 0.078 | H16: 24 | I16: =AND(COUNTIF('NO2'!A:A,A16)>0,COUNTIF('O3'!A:A,A16)>0,COUNTIF('PM10'!A:A,A16)>0,COUNTIF('PM2.5'!A:A,A16)>0,COUNTIF('SO2'!A:A,A16)>0) -> TRUE
A17: 45390 | B17: 1.18 | C17: 1.34 | D17: 1.31 | E17: 1.23 | F17: 1.32 | G17: 0.058 | H17: 24 | I17: =AND(COUNTIF('NO2'!A:A,A17)>0,COUNTIF('O3'!A:A,A17)>0,COUNTIF('PM10'!A:A,A17)>0,COUNTIF('PM2.5'!A:A,A17)>0,COUNTIF('SO2'!A:A,A17)>0) -> TRUE
A18: 45391 | B18: 1.19 | C18: 1.25 | D18: 1.22 | E18: 1.2 | F18: 1.24 | G18: 0.022 | H18: 24 | I18: =AND(COUNTIF('NO2'!A:A,A18)>0,COUNTIF('O3'!A:A,A18)>0,COUNTIF('PM10'!A:A,A18)>0,COUNTIF('PM2.5'!A:A,A18)>0,COUNTIF('SO2'!A:A,A18)>0) -> TRUE
A19: 45392 | B19: 1.15 | C19: 1.25 | D19: 1.22 | E19: 1.19 | F19: 1.24 | G19: 0.031 | H19: 24 | I19: =AND(COUNTIF('NO2'!A:A,A19)>0,COUNTIF('O3'!A:A,A19)>0,COUNTIF('PM10'!A:A,A19)>0,COUNTIF('PM2.5'!A:A,A19)>0,COUNTIF('SO2'!A:A,A19)>0) -> TRUE
A20: 45393 | B20: 1.11 | C20: 1.24 | D20: 1.22 | E20: 1.14 | F20: 1.23 | G20: 0.045 | H20: 24 | I20: =AND(COUNTIF('NO2'!A:A,A20)>0,COUNTIF('O3'!A:A,A20)>0,COUNTIF('PM10'!A:A,A20)>0,COUNTIF('PM2.5'!A:A,A20)>0,COUNTIF('SO2'!A:A,A20)>0) -> TRUE
A21: 45394 | B21: 1.11 | C21: 1.34 | D21: 1.15 | E21: 1.11 | F21: 1.26 | G21: 0.081 | H21: 24 | I21: =AND(COUNTIF('NO2'!A:A,A21)>0,COUNTIF('O3'!A:A,A21)>0,COUNTIF('PM10'!A:A,A21)>0,COUNTIF('PM2.5'!A:A,A21)>0,COUNTIF('SO2'!A:A,A21)>0) -> TRUE
... A100: 45483 | B100: 1.25 | C100: 1.28 | D100: 1.27 | E100: 1.26 | F100: 1.27 | G100: 0.008 | H100: 15 | I100: =AND(COUNTIF('NO2'!A:A,A100)>0,COUNTIF('O3'!A:A,A100)>0,COUNTIF('PM10'!A:A,A100)>0,COUNTIF('PM2.5'!A:A,A100)>0,COUNTIF('SO2'!A:A,A100)>0) -> TRUE
A101: 45484 | B101: 0.83 | C101: 0.83 | D101: 0.83 | E101: 0.83 | F101: 0.83 | G101: 0 | H101: 1 | I101: =AND(COUNTIF('NO2'!A:A,A101)>0,COUNTIF('O3'!A:A,A101)>0,COUNTIF('PM10'!A:A,A101)>0,COUNTIF('PM2.5'!A:A,A101)>0,COUNTIF('SO2'!A:A,A101)>0) -> TRUE
A102: 45485 | B102: 0.81 | C102: 0.83 | D102: 0.82 | E102: 0.81 | F102: 0.82 | G102: 0.005 | H102: 24 | I102: =AND(COUNTIF('NO2'!A:A,A102)>0,COUNTIF('O3'!A:A,A102)>0,COUNTIF('PM10'!A:A,A102)>0,COUNTIF('PM2.5'!A:A,A102)>0,COUNTIF('SO2'!A:A,A102)>0) -> TRUE
A103: 45486 | B103: 0.79 | C103: 0.82 | D103: 0.81 | E103: 0.81 | F103: 0.82 | G103: 0.007 | H103: 24 | I103: =AND(COUNTIF('NO2'!A:A,A103)>0,COUNTIF('O3'!A:A,A103)>0,COUNTIF('PM10'!A:A,A103)>0,COUNTIF('PM2.5'!A:A,A103)>0,COUNTIF('SO2'!A:A,A103)>0) -> TRUE
A104: 45487 | B104: 0.77 | C104: 0.79 | D104: 0.78 | E104: 0.77 | F104: 0.79 | G104: 0.007 | H104: 24 | I104: =AND(COUNTIF('NO2'!A:A,A104)>0,COUNTIF('O3'!A:A,A104)>0,COUNTIF('PM10'!A:A,A104)>0,COUNTIF('PM2.5'!A:A,A104)>0,COUNTIF('SO2'!A:A,A104)>0) -> TRUE
A105: 45488 | B105: 0.79 | C105: 0.82 | D105: 0.8 | E105: 0.8 | F105: 0.81 | G105: 0.008 | H105: 24 | I105: =AND(COUNTIF('NO2'!A:A,A105)>0,COUNTIF('O3'!A:A,A105)>0,COUNTIF('PM10'!A:A,A105)>0,COUNTIF('PM2.5'!A:A,A105)>0,COUNTIF('SO2'!A:A,A105)>0) -> TRUE
A106: 45489 | B106: 0.79 | C106: 0.82 | D106: 0.79 | E106: 0.79 | F106: 0.8 | G106: 0.011 | H106: 24 | I106: =AND(COUNTIF('NO2'!A:A,A106)>0,COUNTIF('O3'!A:A,A106)>0,COUNTIF('PM10'!A:A,A106)>0,COUNTIF('PM2.5'!A:A,A106)>0,COUNTIF('SO2'!A:A,A106)>0) -> TRUE
A107: 45490 | B107: 0.82 | C107: 0.86 | D107: 0.83 | E107: 0.83 | F107: 0.83 | G107: 0.009 | H107: 24 | I107: =AND(COUNTIF('NO2'!A:A,A107)>0,COUNTIF('O3'!A:A,A107)>0,COUNTIF('PM10'!A:A,A107)>0,COUNTIF('PM2.5'!A:A,A107)>0,COUNTIF('SO2'!A:A,A107)>0) -> TRUE
A108: 45491 | B108: 0.86 | C108: 0.87 | D108: 0.87 | E108: 0.86 | F108: 0.87 | G108: 0.007 | H108: 24 | I108: =AND(COUNTIF('NO2'!A:A,A108)>0,COUNTIF('O3'!A:A,A108)>0,COUNTIF('PM10'!A:A,A108)>0,COUNTIF('PM2.5'!A:A,A108)>0,COUNTIF('SO2'!A:A,A108)>0) -> TRUE
A109: 45492 | B109: 0.83 | C109: 0.85 | D109: 0.84 | E109: 0.83 | F109: 0.85 | G109: 0.007 | H109: 24 | I109: =AND(COUNTIF('NO2'!A:A,A109)>0,COUNTIF('O3'!A:A,A109)>0,COUNTIF('PM10'!A:A,A109)>0,COUNTIF('PM2.5'!A:A,A109)>0,COUNTIF('SO2'!A:A,A109)>0) -> TRUE
A110: 45493 | B110: 0.81 | C110: 0.84 | D110: 0.83 | E110: 0.83 | F110: 0.84 | G110: 0.01 | H110: 24 | I110: =AND(COUNTIF('NO2'!A:A,A110)>0,COUNTIF('O3'!A:A,A110)>0,COUNTIF('PM10'!A:A,A110)>0,COUNTIF('PM2.5'!A:A,A110)>0,COUNTIF('SO2'!A:A,A110)>0) -> TRUE
A111: 45494 | B111: 0.78 | C111: 0.81 | D111: 0.8 | E111: 0.8 | F111: 0.81 | G111: 0.007 | H111: 23 | I111: =AND(COUNTIF('NO2'!A:A,A111)>0,COUNTIF('O3'!A:A,A111)>0,COUNTIF('PM10'!A:A,A111)>0,COUNTIF('PM2.5'!A:A,A111)>0,COUNTIF('SO2'!A:A,A111)>0) -> TRUE
A112: 45495 | B112: 0.78 | C112: 0.81 | D112: 0.8 | E112: 0.78 | F112: 0.8 | G112: 0.009 | H112: 24 | I112: =AND(COUNTIF('NO2'!A:A,A112)>0,COUNTIF('O3'!A:A,A112)>0,COUNTIF('PM10'!A:A,A112)>0,COUNTIF('PM2.5'!A:A,A112)>0,COUNTIF('SO2'!A:A,A112)>0) -> TRUE
A113: 45496 | B113: 0.8 | C113: 0.81 | D113: 0.8 | E113: 0.8 | F113: 0.81 | G113: 0.002 | H113: 24 | I113: =AND(COUNTIF('NO2'!A:A,A113)>0,COUNTIF('O3'!A:A,A113)>0,COUNTIF('PM10'!A:A,A113)>0,COUNTIF('PM2.5'!A:A,A113)>0,COUNTIF('SO2'!A:A,A113)>0) -> TRUE
... A132: 45516 | B132: 0.16 | C132: 0.63 | D132: 0.21 | E132: 0.16 | F132: 0.45 | G132: 0.164 | H132: 17 | I132: =AND(COUNTIF('NO2'!A:A,A132)>0,COUNTIF('O3'!A:A,A132)>0,COUNTIF('PM10'!A:A,A132)>0,COUNTIF('PM2.5'!A:A,A132)>0,COUNTIF('SO2'!A:A,A132)>0) -> TRUE
A133: 45517 | B133: 0.99 | C133: 1.01 | D133: 1.01 | E133: 1 | F133: 1.01 | G133: 0.008 | H133: 5 | I133: =AND(COUNTIF('NO2'!A:A,A133)>0,COUNTIF('O3'!A:A,A133)>0,COUNTIF('PM10'!A:A,A133)>0,COUNTIF('PM2.5'!A:A,A133)>0,COUNTIF('SO2'!A:A,A133)>0) -> TRUE
A134: 45518 | B134: 0.94 | C134: 0.99 | D134: 0.98 | E134: 0.95 | F134: 0.98 | G134: 0.014 | H134: 24 | I134: =AND(COUNTIF('NO2'!A:A,A134)>0,COUNTIF('O3'!A:A,A134)>0,COUNTIF('PM10'!A:A,A134)>0,COUNTIF('PM2.5'!A:A,A134)>0,COUNTIF('SO2'!A:A,A134)>0) -> TRUE
A135: 45519 | B135: 0.92 | C135: 0.94 | D135: 0.93 | E135: 0.92 | F135: 0.94 | G135: 0.007 | H135: 15 | I135: =AND(COUNTIF('NO2'!A:A,A135)>0,COUNTIF('O3'!A:A,A135)>0,COUNTIF('PM10'!A:A,A135)>0,COUNTIF('PM2.5'!A:A,A135)>0,COUNTIF('SO2'!A:A,A135)>0) -> TRUE
A136: 45521 | B136: 1.2 | C136: 1.2 | D136: 1.2 | E136: 1.2 | F136: 1.2 | G136: 0.001 | H136: 24 | I136: =AND(COUNTIF('NO2'!A:A,A136)>0,COUNTIF('O3'!A:A,A136)>0,COUNTIF('PM10'!A:A,A136)>0,COUNTIF('PM2.5'!A:A,A136)>0,COUNTIF('SO2'!A:A,A136)>0) -> TRUE
A137: 45522 | B137: 1.2 | C137: 1.2 | D137: 1.2 | E137: 1.2 | F137: 1.2 | G137: 0 | H137: 24 | I137: =AND(COUNTIF('NO2'!A:A,A137)>0,COUNTIF('O3'!A:A,A137)>0,COUNTIF('PM10'!A:A,A137)>0,COUNTIF('PM2.5'!A:A,A137)>0,COUNTIF('SO2'!A:A,A137)>0) -> TRUE
A138: 45523 | B138: 1.2 | C138: 1.2 | D138: 1.2 | E138: 1.2 | F138: 1.2 | G138: 0 | H138: 24 | I138: =AND(COUNTIF('NO2'!A:A,A138)>0,COUNTIF('O3'!A:A,A138)>0,COUNTIF('PM10'!A:A,A138)>0,COUNTIF('PM2.5'!A:A,A138)>0,COUNTIF('SO2'!A:A,A138)>0) -> TRUE
A139: 45524 | B139: 1.2 | C139: 1.2 | D139: 1.2 | E139: 1.2 | F139: 1.2 | G139: 0 | H139: 22 | I139: =AND(COUNTIF('NO2'!A:A,A139)>0,COUNTIF('O3'!A:A,A139)>0,COUNTIF('PM10'!A:A,A139)>0,COUNTIF('PM2.5'!A:A,A139)>0,COUNTIF('SO2'!A:A,A139)>0) -> TRUE
A140: 45525 | B140: 1.2 | C140: 1.2 | D140: 1.2 | E140: 1.2 | F140: 1.2 | G140: 0 | H140: 24 | I140: =AND(COUNTIF('NO2'!A:A,A140)>0,COUNTIF('O3'!A:A,A140)>0,COUNTIF('PM10'!A:A,A140)>0,COUNTIF('PM2.5'!A:A,A140)>0,COUNTIF('SO2'!A:A,A140)>0) -> TRUE
A141: 45526 | B141: 1.2 | C141: 1.2 | D141: 1.2 | E141: 1.2 | F141: 1.2 | G141: 0 | H141: 24 | I141: =AND(COUNTIF('NO2'!A:A,A141)>0,COUNTIF('O3'!A:A,A141)>0,COUNTIF('PM10'!A:A,A141)>0,COUNTIF('PM2.5'!A:A,A141)>0,COUNTIF('SO2'!A:A,A141)>0) -> TRUE
A142: 45527 | B142: 1.06 | C142: 1.2 | D142: 1.15 | E142: 1.11 | F142: 1.18 | G142: 0.045 | H142: 24 | I142: =AND(COUNTIF('NO2'!A:A,A142)>0,COUNTIF('O3'!A:A,A142)>0,COUNTIF('PM10'!A:A,A142)>0,COUNTIF('PM2.5'!A:A,A142)>0,COUNTIF('SO2'!A:A,A142)>0) -> TRUE
A143: 45528 | B143: 0.98 | C143: 1.05 | D143: 0.99 | E143: 0.98 | F143: 1.01 | G143: 0.021 | H143: 24 | I143: =AND(COUNTIF('NO2'!A:A,A143)>0,COUNTIF('O3'!A:A,A143)>0,COUNTIF('PM10'!A:A,A143)>0,COUNTIF('PM2.5'!A:A,A143)>0,COUNTIF('SO2'!A:A,A143)>0) -> TRUE
A144: 45529 | B144: 0.91 | C144: 0.98 | D144: 0.94 | E144: 0.93 | F144: 0.97 | G144: 0.021 | H144: 24 | I144: =AND(COUNTIF('NO2'!A:A,A144)>0,COUNTIF('O3'!A:A,A144)>0,COUNTIF('PM10'!A:A,A144)>0,COUNTIF('PM2.5'!A:A,A144)>0,COUNTIF('SO2'!A:A,A144)>0) -> TRUE
A145: 45530 | B145: 0.91 | C145: 1.18 | D145: 1.01 | E145: 0.93 | F145: 1.11 | G145: 0.091 | H145: 24 | I145: =AND(COUNTIF('NO2'!A:A,A145)>0,COUNTIF('O3'!A:A,A145)>0,COUNTIF('PM10'!A:A,A145)>0,COUNTIF('PM2.5'!A:A,A145)>0,COUNTIF('SO2'!A:A,A145)>0) -> TRUE
A146: 45531 | B146: 1.19 | C146: 1.26 | D146: 1.25 | E146: 1.25 | F146: 1.26 | G146: 0.017 | H146: 24 | I146: =AND(COUNTIF('NO2'!A:A,A146)>0,COUNTIF('O3'!A:A,A146)>0,COUNTIF('PM10'!A:A,A146)>0,COUNTIF('PM2.5'!A:A,A146)>0,COUNTIF('SO2'!A:A,A146)>0) -> TRUE
A147: 45532 | B147: 1.24 | C147: 1.28 | D147: 1.25 | E147: 1.25 | F147: 1.27 | G147: 0.011 | H147: 24 | I147: =AND(COUNTIF('NO2'!A:A,A147)>0,COUNTIF('O3'!A:A,A147)>0,COUNTIF('PM10'!A:A,A147)>0,COUNTIF('PM2.5'!A:A,A147)>0,COUNTIF('SO2'!A:A,A147)>0) -> TRUE
A148: 45533 | B148: 1.26 | C148: 1.28 | D148: 1.27 | E148: 1.27 | F148: 1.28 | G148: 0.006 | H148: 24 | I148: =AND(COUNTIF('NO2'!A:A,A148)>0,COUNTIF('O3'!A:A,A148)>0,COUNTIF('PM10'!A:A,A148)>0,COUNTIF('PM2.5'!A:A,A148)>0,COUNTIF('SO2'!A:A,A148)>0) -> TRUE
A149: 45534 | B149: 1.26 | C149: 1.3 | D149: 1.26 | E149: 1.26 | F149: 1.27 | G149: 0.013 | H149: 24 | I149: =AND(COUNTIF('NO2'!A:A,A149)>0,COUNTIF('O3'!A:A,A149)>0,COUNTIF('PM10'!A:A,A149)>0,COUNTIF('PM2.5'!A:A,A149)>0,COUNTIF('SO2'!A:A,A149)>0) -> TRUE
A150: 45535 | B150: 1.3 | C150: 1.34 | D150: 1.34 | E150: 1.32 | F150: 1.34 | G150: 0.014 | H150: 24 | I150: =AND(COUNTIF('NO2'!A:A,A150)>0,COUNTIF('O3'!A:A,A150)>0,COUNTIF('PM10'!A:A,A150)>0,COUNTIF('PM2.5'!A:A,A150)>0,COUNTIF('SO2'!A:A,A150)>0) -> TRUE
A151: 45536 | B151: 1.34 | C151: 1.34 | D151: 1.34 | E151: 1.34 | F151: 1.34 | G151: 0 | H151: 24 | I151: =AND(COUNTIF('NO2'!A:A,A151)>0,COUNTIF('O3'!A:A,A151)>0,COUNTIF('PM10'!A:A,A151)>0,COUNTIF('PM2.5'!A:A,A151)>0,COUNTIF('SO2'!A:A,A151)>0) -> TRUE
A152: 45537 | B152: 1.13 | C152: 1.34 | D152: 1.29 | E152: 1.21 | F152: 1.34 | G152: 0.07 | H152: 24 | I152: =AND(COUNTIF('NO2'!A:A,A152)>0,COUNTIF('O3'!A:A,A152)>0,COUNTIF('PM10'!A:A,A152)>0,COUNTIF('PM2.5'!A:A,A152)>0,COUNTIF('SO2'!A:A,A152)>0) -> TRUE
A153: 45538 | B153: 1.05 | C153: 1.12 | D153: 1.06 | E153: 1.06 | F153: 1.07 | G153: 0.022 | H153: 24 | I153: =AND(COUNTIF('NO2'!A:A,A153)>0,COUNTIF('O3'!A:A,A153)>0,COUNTIF('PM10'!A:A,A153)>0,COUNTIF('PM2.5'!A:A,A153)>0,COUNTIF('SO2'!A:A,A153)>0) -> TRUE
A154: 45539 | B154: 1.08 | C154: 1.1 | D154: 1.09 | E154: 1.08 | F154: 1.09 | G154: 0.006 | H154: 24 | I154: =AND(COUNTIF('NO2'!A:A,A154)>0,COUNTIF('O3'!A:A,A154)>0,COUNTIF('PM10'!A:A,A154)>0,COUNTIF('PM2.5'!A:A,A154)>0,COUNTIF('SO2'!A:A,A154)>0) -> TRUE
A155: 45540 | B155: 1.07 | C155: 1.08 | D155: 1.07 | E155: 1.07 | F155: 1.07 | G155: 0.004 | H155: 24 | I155: =AND(COUNTIF('NO2'!A:A,A155)>0,COUNTIF('O3'!A:A,A155)>0,COUNTIF('PM10'!A:A,A155)>0,COUNTIF('PM2.5'!A:A,A155)>0,COUNTIF('SO2'!A:A,A155)>0) -> TRUE
A156: 45541 | B156: 1.08 | C156: 1.09 | D156: 1.08 | E156: 1.08 | F156: 1.08 | G156: 0.003 | H156: 24 | I156: =AND(COUNTIF('NO2'!A:A,A156)>0,COUNTIF('O3'!A:A,A156)>0,COUNTIF('PM10'!A:A,A156)>0,COUNTIF('PM2.5'!A:A,A156)>0,COUNTIF('SO2'!A:A,A156)>0) -> TRUE
A157: 45542 | B157: 1.09 | C157: 1.09 | D157: 1.09 | E157: 1.09 | F157: 1.09 | G157: 0.001 | H157: 22 | I157: =AND(COUNTIF('NO2'!A:A,A157)>0,COUNTIF('O3'!A:A,A157)>0,COUNTIF('PM10'!A:A,A157)>0,COUNTIF('PM2.5'!A:A,A157)>0,COUNTIF('SO2'!A:A,A157)>0) -> TRUE
A158: 45543 | B158: 1.05 | C158: 1.09 | D158: 1.07 | E158: 1.06 | F158: 1.08 | G158: 0.011 | H158: 24 | I158: =AND(COUNTIF('NO2'!A:A,A158)>0,COUNTIF('O3'!A:A,A158)>0,COUNTIF('PM10'!A:A,A158)>0,COUNTIF('PM2.5'!A:A,A158)>0,COUNTIF('SO2'!A:A,A158)>0) -> TRUE
A159: 45544 | B159: 1.07 | C159: 1.15 | D159: 1.11 | E159: 1.09 | F159: 1.14 | G159: 0.03 | H159: 24 | I159: =AND(COUNTIF('NO2'!A:A,A159)>0,COUNTIF('O3'!A:A,A159)>0,COUNTIF('PM10'!A:A,A159)>0,COUNTIF('PM2.5'!A:A,A159)>0,COUNTIF('SO2'!A:A,A159)>0) -> TRUE
A160: 45545 | B160: 1.12 | C160: 1.14 | D160: 1.13 | E160: 1.12 | F160: 1.13 | G160: 0.006 | H160: 24 | I160: =AND(COUNTIF('NO2'!A:A,A160)>0,COUNTIF('O3'!A:A,A160)>0,COUNTIF('PM10'!A:A,A160)>0,COUNTIF('PM2.5'!A:A,A160)>0,COUNTIF('SO2'!A:A,A160)>0) -> TRUE
A161: 45546 | B161: 1.11 | C161: 1.13 | D161: 1.12 | E161: 1.11 | F161: 1.13 | G161: 0.012 | H161: 24 | I161: =AND(COUNTIF('NO2'!A:A,A161)>0,COUNTIF('O3'!A:A,A161)>0,COUNTIF('PM10'!A:A,A161)>0,COUNTIF('PM2.5'!A:A,A161)>0,COUNTIF('SO2'!A:A,A161)>0) -> TRUE
A162: 45547 | B162: 1.07 | C162: 1.1 | D162: 1.09 | E162: 1.08 | F162: 1.1 | G162: 0.008 | H162: 24 | I162: =AND(COUNTIF('NO2'!A:A,A162)>0,COUNTIF('O3'!A:A,A162)>0,COUNTIF('PM10'!A:A,A162)>0,COUNTIF('PM2.5'!A:A,A162)>0,COUNTIF('SO2'!A:A,A162)>0) -> TRUE
A163: 45548 | B163: 1.06 | C163: 1.07 | D163: 1.07 | E163: 1.07 | F163: 1.07 | G163: 0.004 | H163: 24 | I163: =AND(COUNTIF('NO2'!A:A,A163)>0,COUNTIF('O3'!A:A,A163)>0,COUNTIF('PM10'!A:A,A163)>0,COUNTIF('PM2.5'!A:A,A163)>0,COUNTIF('SO2'!A:A,A163)>0) -> TRUE
... A167: 45552 | B167: 1.05 | C167: 1.17 | D167: 1.11 | E167: 1.08 | F167: 1.13 | G167: 0.035 | H167: 24 | I167: =AND(COUNTIF('NO2'!A:A,A167)>0,COUNTIF('O3'!A:A,A167)>0,COUNTIF('PM10'!A:A,A167)>0,COUNTIF('PM2.5'!A:A,A167)>0,COUNTIF('SO2'!A:A,A167)>0) -> TRUE
A168: 45553 | B168: 1.15 | C168: 1.15 | D168: 1.15 | E168: 1.15 | F168: 1.15 | G168: 0 | H168: 24 | I168: =AND(COUNTIF('NO2'!A:A,A168)>0,COUNTIF('O3'!A:A,A168)>0,COUNTIF('PM10'!A:A,A168)>0,COUNTIF('PM2.5'!A:A,A168)>0,COUNTIF('SO2'!A:A,A168)>0) -> TRUE
A169: 45554 | B169: 1.15 | C169: 1.15 | D169: 1.15 | E169: 1.15 | F169: 1.15 | G169: 0 | H169: 24 | I169: =AND(COUNTIF('NO2'!A:A,A169)>0,COUNTIF('O3'!A:A,A169)>0,COUNTIF('PM10'!A:A,A169)>0,COUNTIF('PM2.5'!A:A,A169)>0,COUNTIF('SO2'!A:A,A169)>0) -> TRUE
A170: 45555 | B170: 1.15 | C170: 1.15 | D170: 1.15 | E170: 1.15 | F170: 1.15 | G170: 0 | H170: 24 | I170: =AND(COUNTIF('NO2'!A:A,A170)>0,COUNTIF('O3'!A:A,A170)>0,COUNTIF('PM10'!A:A,A170)>0,COUNTIF('PM2.5'!A:A,A170)>0,COUNTIF('SO2'!A:A,A170)>0) -> TRUE
A171: 45556 | B171: 1.15 | C171: 1.15 | D171: 1.15 | E171: 1.15 | F171: 1.15 | G171: 0 | H171: 24 | I171: =AND(COUNTIF('NO2'!A:A,A171)>0,COUNTIF('O3'!A:A,A171)>0,COUNTIF('PM10'!A:A,A171)>0,COUNTIF('PM2.5'!A:A,A171)>0,COUNTIF('SO2'!A:A,A171)>0) -> TRUE
A172: 45557 | B172: 1.15 | C172: 1.15 | D172: 1.15 | E172: 1.15 | F172: 1.15 | G172: 0 | H172: 24 | I172: =AND(COUNTIF('NO2'!A:A,A172)>0,COUNTIF('O3'!A:A,A172)>0,COUNTIF('PM10'!A:A,A172)>0,COUNTIF('PM2.5'!A:A,A172)>0,COUNTIF('SO2'!A:A,A172)>0) -> TRUE
A173: 45558 | B173: 1.15 | C173: 1.15 | D173: 1.15 | E173: 1.15 | F173: 1.15 | G173: 0 | H173: 24 | I173: =AND(COUNTIF('NO2'!A:A,A173)>0,COUNTIF('O3'!A:A,A173)>0,COUNTIF('PM10'!A:A,A173)>0,COUNTIF('PM2.5'!A:A,A173)>0,COUNTIF('SO2'!A:A,A173)>0) -> TRUE
A174: 45559 | B174: 1.15 | C174: 1.15 | D174: 1.15 | E174: 1.15 | F174: 1.15 | G174: 0 | H174: 24 | I174: =AND(COUNTIF('NO2'!A:A,A174)>0,COUNTIF('O3'!A:A,A174)>0,COUNTIF('PM10'!A:A,A174)>0,COUNTIF('PM2.5'!A:A,A174)>0,COUNTIF('SO2'!A:A,A174)>0) -> TRUE
A175: 45560 | B175: 1.15 | C175: 1.15 | D175: 1.15 | E175: 1.15 | F175: 1.15 | G175: 0 | H175: 24 | I175: =AND(COUNTIF('NO2'!A:A,A175)>0,COUNTIF('O3'!A:A,A175)>0,COUNTIF('PM10'!A:A,A175)>0,COUNTIF('PM2.5'!A:A,A175)>0,COUNTIF('SO2'!A:A,A175)>0) -> TRUE
A176: 45561 | B176: 1.15 | C176: 1.15 | D176: 1.15 | E176: 1.15 | F176: 1.15 | G176: 0 | H176: 24 | I176: =AND(COUNTIF('NO2'!A:A,A176)>0,COUNTIF('O3'!A:A,A176)>0,COUNTIF('PM10'!A:A,A176)>0,COUNTIF('PM2.5'!A:A,A176)>0,COUNTIF('SO2'!A:A,A176)>0) -> TRUE
A177: 45562 | B177: 1.15 | C177: 1.15 | D177: 1.15 | E177: 1.15 | F177: 1.15 | G177: 0 | H177: 24 | I177: =AND(COUNTIF('NO2'!A:A,A177)>0,COUNTIF('O3'!A:A,A177)>0,COUNTIF('PM10'!A:A,A177)>0,COUNTIF('PM2.5'!A:A,A177)>0,COUNTIF('SO2'!A:A,A177)>0) -> TRUE
A178: 45563 | B178: 1.15 | C178: 1.15 | D178: 1.15 | E178: 1.15 | F178: 1.15 | G178: 0 | H178: 24 | I178: =AND(COUNTIF('NO2'!A:A,A178)>0,COUNTIF('O3'!A:A,A178)>0,COUNTIF('PM10'!A:A,A178)>0,COUNTIF('PM2.5'!A:A,A178)>0,COUNTIF('SO2'!A:A,A178)>0) -> TRUE
A179: 45564 | B179: 1.15 | C179: 1.15 | D179: 1.15 | E179: 1.15 | F179: 1.15 | G179: 0 | H179: 24 | I179: =AND(COUNTIF('NO2'!A:A,A179)>0,COUNTIF('O3'!A:A,A179)>0,COUNTIF('PM10'!A:A,A179)>0,COUNTIF('PM2.5'!A:A,A179)>0,COUNTIF('SO2'!A:A,A179)>0) -> TRUE
... A186: 45571 | B186: 1.15 | C186: 1.15 | D186: 1.15 | E186: 1.15 | F186: 1.15 | G186: 0 | H186: 14 | I186: =AND(COUNTIF('NO2'!A:A,A186)>0,COUNTIF('O3'!A:A,A186)>0,COUNTIF('PM10'!A:A,A186)>0,COUNTIF('PM2.5'!A:A,A186)>0,COUNTIF('SO2'!A:A,A186)>0) -> TRUE
A187: 45572 | B187: 1.07 | C187: 1.07 | D187: 1.07 | E187: 1.07 | F187: 1.07 | G187: 0.001 | H187: 5 | I187: =AND(COUNTIF('NO2'!A:A,A187)>0,COUNTIF('O3'!A:A,A187)>0,COUNTIF('PM10'!A:A,A187)>0,COUNTIF('PM2.5'!A:A,A187)>0,COUNTIF('SO2'!A:A,A187)>0) -> TRUE
A188: 45573 | B188: 1.06 | C188: 1.11 | D188: 1.08 | E188: 1.07 | F188: 1.1 | G188: 0.017 | H188: 24 | I188: =AND(COUNTIF('NO2'!A:A,A188)>0,COUNTIF('O3'!A:A,A188)>0,COUNTIF('PM10'!A:A,A188)>0,COUNTIF('PM2.5'!A:A,A188)>0,COUNTIF('SO2'!A:A,A188)>0) -> TRUE
A189: 45574 | B189: 1.11 | C189: 1.12 | D189: 1.12 | E189: 1.12 | F189: 1.12 | G189: 0.002 | H189: 24 | I189: =AND(COUNTIF('NO2'!A:A,A189)>0,COUNTIF('O3'!A:A,A189)>0,COUNTIF('PM10'!A:A,A189)>0,COUNTIF('PM2.5'!A:A,A189)>0,COUNTIF('SO2'!A:A,A189)>0) -> TRUE
A190: 45575 | B190: 1.12 | C190: 1.12 | D190: 1.12 | E190: 1.12 | F190: 1.12 | G190: 0 | H190: 24 | I190: =AND(COUNTIF('NO2'!A:A,A190)>0,COUNTIF('O3'!A:A,A190)>0,COUNTIF('PM10'!A:A,A190)>0,COUNTIF('PM2.5'!A:A,A190)>0,COUNTIF('SO2'!A:A,A190)>0) -> TRUE
A191: 45576 | B191: 1.12 | C191: 1.12 | D191: 1.12 | E191: 1.12 | F191: 1.12 | G191: 0 | H191: 24 | I191: =AND(COUNTIF('NO2'!A:A,A191)>0,COUNTIF('O3'!A:A,A191)>0,COUNTIF('PM10'!A:A,A191)>0,COUNTIF('PM2.5'!A:A,A191)>0,COUNTIF('SO2'!A:A,A191)>0) -> TRUE
A192: 45577 | B192: 1.12 | C192: 1.12 | D192: 1.12 | E192: 1.12 | F192: 1.12 | G192: 0 | H192: 24 | I192: =AND(COUNTIF('NO2'!A:A,A192)>0,COUNTIF('O3'!A:A,A192)>0,COUNTIF('PM10'!A:A,A192)>0,COUNTIF('PM2.5'!A:A,A192)>0,COUNTIF('SO2'!A:A,A192)>0) -> TRUE
A193: 45578 | B193: 1.12 | C193: 1.12 | D193: 1.12 | E193: 1.12 | F193: 1.12 | G193: 0 | H193: 24 | I193: =AND(COUNTIF('NO2'!A:A,A193)>0,COUNTIF('O3'!A:A,A193)>0,COUNTIF('PM10'!A:A,A193)>0,COUNTIF('PM2.5'!A:A,A193)>0,COUNTIF('SO2'!A:A,A193)>0) -> TRUE
A194: 45579 | B194: 1.12 | C194: 1.12 | D194: 1.12 | E194: 1.12 | F194: 1.12 | G194: 0 | H194: 24 | I194: =AND(COUNTIF('NO2'!A:A,A194)>0,COUNTIF('O3'!A:A,A194)>0,COUNTIF('PM10'!A:A,A194)>0,COUNTIF('PM2.5'!A:A,A194)>0,COUNTIF('SO2'!A:A,A194)>0) -> TRUE
A195: 45580 | B195: 1.12 | C195: 1.18 | D195: 1.15 | E195: 1.12 | F195: 1.17 | G195: 0.021 | H195: 24 | I195: =AND(COUNTIF('NO2'!A:A,A195)>0,COUNTIF('O3'!A:A,A195)>0,COUNTIF('PM10'!A:A,A195)>0,COUNTIF('PM2.5'!A:A,A195)>0,COUNTIF('SO2'!A:A,A195)>0) -> TRUE
A196: 45581 | B196: 1.12 | C196: 1.18 | D196: 1.14 | E196: 1.13 | F196: 1.15 | G196: 0.016 | H196: 24 | I196: =AND(COUNTIF('NO2'!A:A,A196)>0,COUNTIF('O3'!A:A,A196)>0,COUNTIF('PM10'!A:A,A196)>0,COUNTIF('PM2.5'!A:A,A196)>0,COUNTIF('SO2'!A:A,A196)>0) -> TRUE
A197: 45582 | B197: 1.12 | C197: 1.14 | D197: 1.13 | E197: 1.12 | F197: 1.13 | G197: 0.006 | H197: 24 | I197: =AND(COUNTIF('NO2'!A:A,A197)>0,COUNTIF('O3'!A:A,A197)>0,COUNTIF('PM10'!A:A,A197)>0,COUNTIF('PM2.5'!A:A,A197)>0,COUNTIF('SO2'!A:A,A197)>0) -> TRUE
A198: 45583 | B198: 1.14 | C198: 1.18 | D198: 1.17 | E198: 1.15 | F198: 1.17 | G198: 0.007 | H198: 24 | I198: =AND(COUNTIF('NO2'!A:A,A198)>0,COUNTIF('O3'!A:A,A198)>0,COUNTIF('PM10'!A:A,A198)>0,COUNTIF('PM2.5'!A:A,A198)>0,COUNTIF('SO2'!A:A,A198)>0) -> TRUE
A199: 45584 | B199: 1.19 | C199: 1.26 | D199: 1.21 | E199: 1.2 | F199: 1.22 | G199: 0.021 | H199: 21 | I199: =AND(COUNTIF('NO2'!A:A,A199)>0,COUNTIF('O3'!A:A,A199)>0,COUNTIF('PM10'!A:A,A199)>0,COUNTIF('PM2.5'!A:A,A199)>0,COUNTIF('SO2'!A:A,A199)>0) -> TRUE
A200: 45585 | B200: 1.24 | C200: 1.26 | D200: 1.25 | E200: 1.25 | F200: 1.26 | G200: 0.005 | H200: 24 | I200: =AND(COUNTIF('NO2'!A:A,A200)>0,COUNTIF('O3'!A:A,A200)>0,COUNTIF('PM10'!A:A,A200)>0,COUNTIF('PM2.5'!A:A,A200)>0,COUNTIF('SO2'!A:A,A200)>0) -> TRUE
A201: 45586 | B201: 1.24 | C201: 1.26 | D201: 1.25 | E201: 1.25 | F201: 1.26 | G201: 0.005 | H201: 24 | I201: =AND(COUNTIF('NO2'!A:A,A201)>0,COUNTIF('O3'!A:A,A201)>0,COUNTIF('PM10'!A:A,A201)>0,COUNTIF('PM2.5'!A:A,A201)>0,COUNTIF('SO2'!A:A,A201)>0) -> TRUE
A202: 45587 | B202: 1.15 | C202: 1.23 | D202: 1.21 | E202: 1.19 | F202: 1.23 | G202: 0.021 | H202: 24 | I202: =AND(COUNTIF('NO2'!A:A,A202)>0,COUNTIF('O3'!A:A,A202)>0,COUNTIF('PM10'!A:A,A202)>0,COUNTIF('PM2.5'!A:A,A202)>0,COUNTIF('SO2'!A:A,A202)>0) -> TRUE
A203: 45588 | B203: 0.61 | C203: 1.15 | D203: 1.01 | E203: 0.82 | F203: 1.15 | G203: 0.185 | H203: 24 | I203: =AND(COUNTIF('NO2'!A:A,A203)>0,COUNTIF('O3'!A:A,A203)>0,COUNTIF('PM10'!A:A,A203)>0,COUNTIF('PM2.5'!A:A,A203)>0,COUNTIF('SO2'!A:A,A203)>0) -> TRUE
A204: 45589 | B204: 0.43 | C204: 0.9 | D204: 0.57 | E204: 0.47 | F204: 0.75 | G204: 0.151 | H204: 24 | I204: =AND(COUNTIF('NO2'!A:A,A204)>0,COUNTIF('O3'!A:A,A204)>0,COUNTIF('PM10'!A:A,A204)>0,COUNTIF('PM2.5'!A:A,A204)>0,COUNTIF('SO2'!A:A,A204)>0) -> TRUE
A205: 45590 | B205: 0.92 | C205: 1.04 | D205: 1 | E205: 1 | F205: 1.02 | G205: 0.024 | H205: 24 | I205: =AND(COUNTIF('NO2'!A:A,A205)>0,COUNTIF('O3'!A:A,A205)>0,COUNTIF('PM10'!A:A,A205)>0,COUNTIF('PM2.5'!A:A,A205)>0,COUNTIF('SO2'!A:A,A205)>0) -> TRUE
...

Sheet NO2
A1: date | B1: min | C1: max | D1: median | E1: q1 | F1: q3 | G1: stdev | H1: count | I1: cek
A2: 45337 | B2: 10.48 | C2: 86.5 | D2: 20 | E2: 13.53 | F2: 38.4 | G2: 19255 | H2: 20 | I2: =AND(COUNTIF(CO!A:A,A2)>0,COUNTIF('O3'!A:A,A2)>0,COUNTIF('PM10'!A:A,A2)>0,COUNTIF('PM2.5'!A:A,A2)>0,COUNTIF('SO2'!A:A,A2)>0,COUNTIF(Kendaraan!A:A,A2)) -> TRUE
A3: 45338 | B3: 1.25 | C3: 9.98 | D3: 6.93 | E3: 3.26 | F3: 9.32 | G3: 3235 | H3: 8 | I3: =AND(COUNTIF(CO!A:A,A3)>0,COUNTIF('O3'!A:A,A3)>0,COUNTIF('PM10'!A:A,A3)>0,COUNTIF('PM2.5'!A:A,A3)>0,COUNTIF('SO2'!A:A,A3)>0,COUNTIF(Kendaraan!A:A,A3)) -> TRUE
A4: 45342 | B4: 6.95 | C4: 61 | D4: 13.53 | E4: 8.86 | F4: 28.56 | G4: 17387 | H4: 19 | I4: =AND(COUNTIF(CO!A:A,A4)>0,COUNTIF('O3'!A:A,A4)>0,COUNTIF('PM10'!A:A,A4)>0,COUNTIF('PM2.5'!A:A,A4)>0,COUNTIF('SO2'!A:A,A4)>0,COUNTIF(Kendaraan!A:A,A4)) -> TRUE
A5: 45343 | B5: 1.6 | C5: 77.69 | D5: 23.55 | E5: 6.13 | F5: 51.8 | G5: 25091 | H5: 24 | I5: =AND(COUNTIF(CO!A:A,A5)>0,COUNTIF('O3'!A:A,A5)>0,COUNTIF('PM10'!A:A,A5)>0,COUNTIF('PM2.5'!A:A,A5)>0,COUNTIF('SO2'!A:A,A5)>0,COUNTIF(Kendaraan!A:A,A5)) -> TRUE
A6: 45344 | B6: 82.4 | C6: 113 | D6: 113 | E6: 108.3 | F6: 113 | G6: 9054 | H6: 24 | I6: =AND(COUNTIF(CO!A:A,A6)>0,COUNTIF('O3'!A:A,A6)>0,COUNTIF('PM10'!A:A,A6)>0,COUNTIF('PM2.5'!A:A,A6)>0,COUNTIF('SO2'!A:A,A6)>0,COUNTIF(Kendaraan!A:A,A6)) -> TRUE
A7: 45372 | B7: 22.75 | C7: 24.48 | D7: 23.83 | E7: 23.1 | F7: 24.31 | G7: 0.595 | H7: 9 | I7: =AND(COUNTIF(CO!A:A,A7)>0,COUNTIF('O3'!A:A,A7)>0,COUNTIF('PM10'!A:A,A7)>0,COUNTIF('PM2.5'!A:A,A7)>0,COUNTIF('SO2'!A:A,A7)>0,COUNTIF(Kendaraan!A:A,A7)) -> TRUE
A8: 45373 | B8: 26.48 | C8: 26.79 | D8: 26.63 | E8: 26.52 | F8: 26.74 | G8: 0.119 | H8: 4 | I8: =AND(COUNTIF(CO!A:A,A8)>0,COUNTIF('O3'!A:A,A8)>0,COUNTIF('PM10'!A:A,A8)>0,COUNTIF('PM2.5'!A:A,A8)>0,COUNTIF('SO2'!A:A,A8)>0,COUNTIF(Kendaraan!A:A,A8)) -> TRUE
A9: 45377 | B9: 26.06 | C9: 26.06 | D9: 26.06 | E9: 26.06 | F9: 26.06 | G9: 0 | H9: 1 | I9: =AND(COUNTIF(CO!A:A,A9)>0,COUNTIF('O3'!A:A,A9)>0,COUNTIF('PM10'!A:A,A9)>0,COUNTIF('PM2.5'!A:A,A9)>0,COUNTIF('SO2'!A:A,A9)>0,COUNTIF(Kendaraan!A:A,A9)) -> TRUE
A10: 45383 | B10: 23.79 | C10: 26.17 | D10: 25.42 | E10: 24.55 | F10: 25.66 | G10: 0.704 | H10: 21 | I10: =AND(COUNTIF(CO!A:A,A10)>0,COUNTIF('O3'!A:A,A10)>0,COUNTIF('PM10'!A:A,A10)>0,COUNTIF('PM2.5'!A:A,A10)>0,COUNTIF('SO2'!A:A,A10)>0,COUNTIF(Kendaraan!A:A,A10)) -> TRUE
A11: 45384 | B11: 25.65 | C11: 26.56 | D11: 26.18 | E11: 25.97 | F11: 26.38 | G11: 0.268 | H11: 24 | I11: =AND(COUNTIF(CO!A:A,A11)>0,COUNTIF('O3'!A:A,A11)>0,COUNTIF('PM10'!A:A,A11)>0,COUNTIF('PM2.5'!A:A,A11)>0,COUNTIF('SO2'!A:A,A11)>0,COUNTIF(Kendaraan!A:A,A11)) -> TRUE
A12: 45385 | B12: 25.48 | C12: 26.65 | D12: 26.15 | E12: 25.69 | F12: 26.44 | G12: 0.392 | H12: 24 | I12: =AND(COUNTIF(CO!A:A,A12)>0,COUNTIF('O3'!A:A,A12)>0,COUNTIF('PM10'!A:A,A12)>0,COUNTIF('PM2.5'!A:A,A12)>0,COUNTIF('SO2'!A:A,A12)>0,COUNTIF(Kendaraan!A:A,A12)) -> TRUE
A13: 45386 | B13: 26.15 | C13: 26.88 | D13: 26.41 | E13: 26.25 | F13: 26.74 | G13: 0.249 | H13: 24 | I13: =AND(COUNTIF(CO!A:A,A13)>0,COUNTIF('O3'!A:A,A13)>0,COUNTIF('PM10'!A:A,A13)>0,COUNTIF('PM2.5'!A:A,A13)>0,COUNTIF('SO2'!A:A,A13)>0,COUNTIF(Kendaraan!A:A,A13)) -> TRUE
A14: 45387 | B14: 23.17 | C14: 26.12 | D14: 24.06 | E14: 23.71 | F14: 25.1 | G14: 0.864 | H14: 23 | I14: =AND(COUNTIF(CO!A:A,A14)>0,COUNTIF('O3'!A:A,A14)>0,COUNTIF('PM10'!A:A,A14)>0,COUNTIF('PM2.5'!A:A,A14)>0,COUNTIF('SO2'!A:A,A14)>0,COUNTIF(Kendaraan!A:A,A14)) -> TRUE
A15: 45388 | B15: 23 | C15: 24.73 | D15: 24.24 | E15: 23.29 | F15: 24.49 | G15: 0.583 | H15: 24 | I15: =AND(COUNTIF(CO!A:A,A15)>0,COUNTIF('O3'!A:A,A15)>0,COUNTIF('PM10'!A:A,A15)>0,COUNTIF('PM2.5'!A:A,A15)>0,COUNTIF('SO2'!A:A,A15)>0,COUNTIF(Kendaraan!A:A,A15)) -> TRUE
A16: 45389 | B16: 24.94 | C16: 25.79 | D16: 25.24 | E16: 25.12 | F16: 25.62 | G16: 0.277 | H16: 24 | I16: =AND(COUNTIF(CO!A:A,A16)>0,COUNTIF('O3'!A:A,A16)>0,COUNTIF('PM10'!A:A,A16)>0,COUNTIF('PM2.5'!A:A,A16)>0,COUNTIF('SO2'!A:A,A16)>0,COUNTIF(Kendaraan!A:A,A16)) -> TRUE
A17: 45390 | B17: 25.06 | C17: 25.62 | D17: 25.37 | E17: 25.21 | F17: 25.51 | G17: 0.171 | H17: 24 | I17: =AND(COUNTIF(CO!A:A,A17)>0,COUNTIF('O3'!A:A,A17)>0,COUNTIF('PM10'!A:A,A17)>0,COUNTIF('PM2.5'!A:A,A17)>0,COUNTIF('SO2'!A:A,A17)>0,COUNTIF(Kendaraan!A:A,A17)) -> TRUE
A18: 45391 | B18: 25.44 | C18: 26.75 | D18: 26.46 | E18: 26.04 | F18: 26.61 | G18: 0.376 | H18: 24 | I18: =AND(COUNTIF(CO!A:A,A18)>0,COUNTIF('O3'!A:A,A18)>0,COUNTIF('PM10'!A:A,A18)>0,COUNTIF('PM2.5'!A:A,A18)>0,COUNTIF('SO2'!A:A,A18)>0,COUNTIF(Kendaraan!A:A,A18)) -> TRUE
A19: 45392 | B19: 26.15 | C19: 26.71 | D19: 26.31 | E19: 26.26 | F19: 26.33 | G19: 0.113 | H19: 24 | I19: =AND(COUNTIF(CO!A:A,A19)>0,COUNTIF('O3'!A:A,A19)>0,COUNTIF('PM10'!A:A,A19)>0,COUNTIF('PM2.5'!A:A,A19)>0,COUNTIF('SO2'!A:A,A19)>0,COUNTIF(Kendaraan!A:A,A19)) -> TRUE
A20: 45393 | B20: 26.35 | C20: 27.27 | D20: 27.12 | E20: 27.03 | F20: 27.19 | G20: 0.241 | H20: 24 | I20: =AND(COUNTIF(CO!A:A,A20)>0,COUNTIF('O3'!A:A,A20)>0,COUNTIF('PM10'!A:A,A20)>0,COUNTIF('PM2.5'!A:A,A20)>0,COUNTIF('SO2'!A:A,A20)>0,COUNTIF(Kendaraan!A:A,A20)) -> TRUE
A21: 45394 | B21: 27.25 | C21: 27.67 | D21: 27.51 | E21: 27.29 | F21: 27.6 | G21: 0.154 | H21: 24 | I21: =AND(COUNTIF(CO!A:A,A21)>0,COUNTIF('O3'!A:A,A21)>0,COUNTIF('PM10'!A:A,A21)>0,COUNTIF('PM2.5'!A:A,A21)>0,COUNTIF('SO2'!A:A,A21)>0,COUNTIF(Kendaraan!A:A,A21)) -> TRUE
A22: 45395 | B22: 26.9 | C22: 27.65 | D22: 27 | E22: 26.92 | F22: 27.2 | G22: 0.24 | H22: 24 | I22: =AND(COUNTIF(CO!A:A,A22)>0,COUNTIF('O3'!A:A,A22)>0,COUNTIF('PM10'!A:A,A22)>0,COUNTIF('PM2.5'!A:A,A22)>0,COUNTIF('SO2'!A:A,A22)>0,COUNTIF(Kendaraan!A:A,A22)) -> TRUE
A23: 45396 | B23: 27.02 | C23: 27.71 | D23: 27.47 | E23: 27.37 | F23: 27.65 | G23: 0.21 | H23: 24 | I23: =AND(COUNTIF(CO!A:A,A23)>0,COUNTIF('O3'!A:A,A23)>0,COUNTIF('PM10'!A:A,A23)>0,COUNTIF('PM2.5'!A:A,A23)>0,COUNTIF('SO2'!A:A,A23)>0,COUNTIF(Kendaraan!A:A,A23)) -> TRUE
A24: 45397 | B24: 27.21 | C24: 27.46 | D24: 27.38 | E24: 27.31 | F24: 27.42 | G24: 0.074 | H24: 24 | I24: =AND(COUNTIF(CO!A:A,A24)>0,COUNTIF('O3'!A:A,A24)>0,COUNTIF('PM10'!A:A,A24)>0,COUNTIF('PM2.5'!A:A,A24)>0,COUNTIF('SO2'!A:A,A24)>0,COUNTIF(Kendaraan!A:A,A24)) -> TRUE
A25: 45398 | B25: 25.58 | C25: 27.31 | D25: 26.62 | E25: 26.13 | F25: 26.87 | G25: 0.497 | H25: 24 | I25: =AND(COUNTIF(CO!A:A,A25)>0,COUNTIF('O3'!A:A,A25)>0,COUNTIF('PM10'!A:A,A25)>0,COUNTIF('PM2.5'!A:A,A25)>0,COUNTIF('SO2'!A:A,A25)>0,COUNTIF(Kendaraan!A:A,A25)) -> TRUE
A26: 45399 | B26: 25.04 | C26: 25.75 | D26: 25.3 | E26: 25.11 | F26: 25.48 | G26: 0.223 | H26: 24 | I26: =AND(COUNTIF(CO!A:A,A26)>0,COUNTIF('O3'!A:A,A26)>0,COUNTIF('PM10'!A:A,A26)>0,COUNTIF('PM2.5'!A:A,A26)>0,COUNTIF('SO2'!A:A,A26)>0,COUNTIF(Kendaraan!A:A,A26)) -> TRUE
A27: 45400 | B27: 25.79 | C27: 27.31 | D27: 27.06 | E27: 26.39 | F27: 27.22 | G27: 0.502 | H27: 24 | I27: =AND(COUNTIF(CO!A:A,A27)>0,COUNTIF('O3'!A:A,A27)>0,COUNTIF('PM10'!A:A,A27)>0,COUNTIF('PM2.5'!A:A,A27)>0,COUNTIF('SO2'!A:A,A27)>0,COUNTIF(Kendaraan!A:A,A27)) -> TRUE
A28: 45401 | B28: 26.96 | C28: 27.42 | D28: 27.08 | E28: 26.98 | F28: 27.32 | G28: 0.173 | H28: 24 | I28: =AND(COUNTIF(CO!A:A,A28)>0,COUNTIF('O3'!A:A,A28)>0,COUNTIF('PM10'!A:A,A28)>0,COUNTIF('PM2.5'!A:A,A28)>0,COUNTIF('SO2'!A:A,A28)>0,COUNTIF(Kendaraan!A:A,A28)) -> TRUE
A29: 45402 | B29: 27 | C29: 27.17 | D29: 27.11 | E29: 27.06 | F29: 27.12 | G29: 0.048 | H29: 24 | I29: =AND(COUNTIF(CO!A:A,A29)>0,COUNTIF('O3'!A:A,A29)>0,COUNTIF('PM10'!A:A,A29)>0,COUNTIF('PM2.5'!A:A,A29)>0,COUNTIF('SO2'!A:A,A29)>0,COUNTIF(Kendaraan!A:A,A29)) -> TRUE
A30: 45403 | B30: 27.04 | C30: 27.48 | D30: 27.42 | E30: 27.2 | F30: 27.44 | G30: 0.157 | H30: 24 | I30: =AND(COUNTIF(CO!A:A,A30)>0,COUNTIF('O3'!A:A,A30)>0,COUNTIF('PM10'!A:A,A30)>0,COUNTIF('PM2.5'!A:A,A30)>0,COUNTIF('SO2'!A:A,A30)>0,COUNTIF(Kendaraan!A:A,A30)) -> TRUE
A31: 45404 | B31: 27.15 | C31: 27.52 | D31: 27.25 | E31: 27.21 | F31: 27.39 | G31: 0.115 | H31: 24 | I31: =AND(COUNTIF(CO!A:A,A31)>0,COUNTIF('O3'!A:A,A31)>0,COUNTIF('PM10'!A:A,A31)>0,COUNTIF('PM2.5'!A:A,A31)>0,COUNTIF('SO2'!A:A,A31)>0,COUNTIF(Kendaraan!A:A,A31)) -> TRUE
A32: 45405 | B32: 27.19 | C32: 27.4 | D32: 27.33 | E32: 27.26 | F32: 27.38 | G32: 0.074 | H32: 24 | I32: =AND(COUNTIF(CO!A:A,A32)>0,COUNTIF('O3'!A:A,A32)>0,COUNTIF('PM10'!A:A,A32)>0,COUNTIF('PM2.5'!A:A,A32)>0,COUNTIF('SO2'!A:A,A32)>0,COUNTIF(Kendaraan!A:A,A32)) -> TRUE
A33: 45406 | B33: 26.75 | C33: 27.35 | D33: 27.01 | E33: 26.8 | F33: 27.17 | G33: 0.196 | H33: 24 | I33: =AND(COUNTIF(CO!A:A,A33)>0,COUNTIF('O3'!A:A,A33)>0,COUNTIF('PM10'!A:A,A33)>0,COUNTIF('PM2.5'!A:A,A33)>0,COUNTIF('SO2'!A:A,A33)>0,COUNTIF(Kendaraan!A:A,A33)) -> TRUE
A34: 45407 | B34: 26.71 | C34: 26.94 | D34: 26.83 | E34: 26.78 | F34: 26.87 | G34: 0.059 | H34: 24 | I34: =AND(COUNTIF(CO!A:A,A34)>0,COUNTIF('O3'!A:A,A34)>0,COUNTIF('PM10'!A:A,A34)>0,COUNTIF('PM2.5'!A:A,A34)>0,COUNTIF('SO2'!A:A,A34)>0,COUNTIF(Kendaraan!A:A,A34)) -> TRUE
A35: 45408 | B35: 25.04 | C35: 26.9 | D35: 26.4 | E35: 25.92 | F35: 26.73 | G35: 0.554 | H35: 24 | I35: =AND(COUNTIF(CO!A:A,A35)>0,COUNTIF('O3'!A:A,A35)>0,COUNTIF('PM10'!A:A,A35)>0,COUNTIF('PM2.5'!A:A,A35)>0,COUNTIF('SO2'!A:A,A35)>0,COUNTIF(Kendaraan!A:A,A35)) -> TRUE
A36: 45409 | B36: 23.42 | C36: 24.85 | D36: 23.85 | E36: 23.59 | F36: 24.31 | G36: 0.446 | H36: 24 | I36: =AND(COUNTIF(CO!A:A,A36)>0,COUNTIF('O3'!A:A,A36)>0,COUNTIF('PM10'!A:A,A36)>0,COUNTIF('PM2.5'!A:A,A36)>0,COUNTIF('SO2'!A:A,A36)>0,COUNTIF(Kendaraan!A:A,A36)) -> TRUE
A37: 45410 | B37: 24.81 | C37: 26.17 | D37: 26.03 | E37: 25.57 | F37: 26.15 | G37: 0.417 | H37: 24 | I37: =AND(COUNTIF(CO!A:A,A37)>0,COUNTIF('O3'!A:A,A37)>0,COUNTIF('PM10'!A:A,A37)>0,COUNTIF('PM2.5'!A:A,A37)>0,COUNTIF('SO2'!A:A,A37)>0,COUNTIF(Kendaraan!A:A,A37)) -> TRUE
A38: 45411 | B38: 25.73 | C38: 26.08 | D38: 25.84 | E38: 25.8 | F38: 25.93 | G38: 0.091 | H38: 24 | I38: =AND(COUNTIF(CO!A:A,A38)>0,COUNTIF('O3'!A:A,A38)>0,COUNTIF('PM10'!A:A,A38)>0,COUNTIF('PM2.5'!A:A,A38)>0,COUNTIF('SO2'!A:A,A38)>0,COUNTIF(Kendaraan!A:A,A38)) -> TRUE
A39: 45412 | B39: 26.21 | C39: 26.69 | D39: 26.48 | E39: 26.28 | F39: 26.64 | G39: 0.166 | H39: 24 | I39: =AND(COUNTIF(CO!A:A,A39)>0,COUNTIF('O3'!A:A,A39)>0,COUNTIF('PM10'!A:A,A39)>0,COUNTIF('PM2.5'!A:A,A39)>0,COUNTIF('SO2'!A:A,A39)>0,COUNTIF(Kendaraan!A:A,A39)) -> TRUE
A40: 45413 | B40: 26.46 | C40: 26.75 | D40: 26.56 | E40: 26.52 | F40: 26.61 | G40: 0.068 | H40: 24 | I40: =AND(COUNTIF(CO!A:A,A40)>0,COUNTIF('O3'!A:A,A40)>0,COUNTIF('PM10'!A:A,A40)>0,COUNTIF('PM2.5'!A:A,A40)>0,COUNTIF('SO2'!A:A,A40)>0,COUNTIF(Kendaraan!A:A,A40)) -> TRUE
A41: 45414 | B41: 25.52 | C41: 26.56 | D41: 26.38 | E41: 26.06 | F41: 26.46 | G41: 0.334 | H41: 24 | I41: =AND(COUNTIF(CO!A:A,A41)>0,COUNTIF('O3'!A:A,A41)>0,COUNTIF('PM10'!A:A,A41)>0,COUNTIF('PM2.5'!A:A,A41)>0,COUNTIF('SO2'!A:A,A41)>0,COUNTIF(Kendaraan!A:A,A41)) -> TRUE
... A62: 45435 | B62: 23.77 | C62: 24.42 | D62: 24.19 | E62: 23.83 | F62: 24.25 | G62: 0.211 | H62: 18 | I62: =AND(COUNTIF(CO!A:A,A62)>0,COUNTIF('O3'!A:A,A62)>0,COUNTIF('PM10'!A:A,A62)>0,COUNTIF('PM2.5'!A:A,A62)>0,COUNTIF('SO2'!A:A,A62)>0,COUNTIF(Kendaraan!A:A,A62)) -> TRUE
A63: 45446 | B63: 69.18 | C63: 115 | D63: 71.93 | E63: 70.31 | F63: 91.23 | G63: 15815 | H63: 16 | I63: =AND(COUNTIF(CO!A:A,A63)>0,COUNTIF('O3'!A:A,A63)>0,COUNTIF('PM10'!A:A,A63)>0,COUNTIF('PM2.5'!A:A,A63)>0,COUNTIF('SO2'!A:A,A63)>0,COUNTIF(Kendaraan!A:A,A63)) -> TRUE
A64: 45447 | B64: 48.3 | C64: 73.94 | D64: 67.45 | E64: 58.79 | F64: 69.06 | G64: 7038 | H64: 24 | I64: =AND(COUNTIF(CO!A:A,A64)>0,COUNTIF('O3'!A:A,A64)>0,COUNTIF('PM10'!A:A,A64)>0,COUNTIF('PM2.5'!A:A,A64)>0,COUNTIF('SO2'!A:A,A64)>0,COUNTIF(Kendaraan!A:A,A64)) -> TRUE
A65: 45448 | B65: 12.63 | C65: 46.19 | D65: 19.26 | E65: 15.13 | F65: 35.24 | G65: 11182 | H65: 23 | I65: =AND(COUNTIF(CO!A:A,A65)>0,COUNTIF('O3'!A:A,A65)>0,COUNTIF('PM10'!A:A,A65)>0,COUNTIF('PM2.5'!A:A,A65)>0,COUNTIF('SO2'!A:A,A65)>0,COUNTIF(Kendaraan!A:A,A65)) -> TRUE
A66: 45449 | B66: 9.17 | C66: 12.15 | D66: 9.35 | E66: 9.25 | F66: 9.85 | G66: 0.878 | H66: 24 | I66: =AND(COUNTIF(CO!A:A,A66)>0,COUNTIF('O3'!A:A,A66)>0,COUNTIF('PM10'!A:A,A66)>0,COUNTIF('PM2.5'!A:A,A66)>0,COUNTIF('SO2'!A:A,A66)>0,COUNTIF(Kendaraan!A:A,A66)) -> TRUE
A67: 45450 | B67: 9.11 | C67: 9.19 | D67: 9.15 | E67: 9.15 | F67: 9.17 | G67: 0.022 | H67: 24 | I67: =AND(COUNTIF(CO!A:A,A67)>0,COUNTIF('O3'!A:A,A67)>0,COUNTIF('PM10'!A:A,A67)>0,COUNTIF('PM2.5'!A:A,A67)>0,COUNTIF('SO2'!A:A,A67)>0,COUNTIF(Kendaraan!A:A,A67)) -> TRUE
A68: 45451 | B68: 9.11 | C68: 9.38 | D68: 9.25 | E68: 9.19 | F68: 9.27 | G68: 0.064 | H68: 24 | I68: =AND(COUNTIF(CO!A:A,A68)>0,COUNTIF('O3'!A:A,A68)>0,COUNTIF('PM10'!A:A,A68)>0,COUNTIF('PM2.5'!A:A,A68)>0,COUNTIF('SO2'!A:A,A68)>0,COUNTIF(Kendaraan!A:A,A68)) -> TRUE
A69: 45452 | B69: 9.31 | C69: 9.42 | D69: 9.35 | E69: 9.31 | F69: 9.38 | G69: 0.04 | H69: 24 | I69: =AND(COUNTIF(CO!A:A,A69)>0,COUNTIF('O3'!A:A,A69)>0,COUNTIF('PM10'!A:A,A69)>0,COUNTIF('PM2.5'!A:A,A69)>0,COUNTIF('SO2'!A:A,A69)>0,COUNTIF(Kendaraan!A:A,A69)) -> TRUE
A70: 45453 | B70: 9.28 | C70: 9.42 | D70: 9.4 | E70: 9.36 | F70: 9.41 | G70: 0.04 | H70: 24 | I70: =AND(COUNTIF(CO!A:A,A70)>0,COUNTIF('O3'!A:A,A70)>0,COUNTIF('PM10'!A:A,A70)>0,COUNTIF('PM2.5'!A:A,A70)>0,COUNTIF('SO2'!A:A,A70)>0,COUNTIF(Kendaraan!A:A,A70)) -> TRUE
A71: 45454 | B71: 9.31 | C71: 9.65 | D71: 9.5 | E71: 9.4 | F71: 9.61 | G71: 0.106 | H71: 24 | I71: =AND(COUNTIF(CO!A:A,A71)>0,COUNTIF('O3'!A:A,A71)>0,COUNTIF('PM10'!A:A,A71)>0,COUNTIF('PM2.5'!A:A,A71)>0,COUNTIF('SO2'!A:A,A71)>0,COUNTIF(Kendaraan!A:A,A71)) -> TRUE
A72: 45455 | B72: 9.4 | C72: 9.6 | D72: 9.55 | E72: 9.46 | F72: 9.58 | G72: 0.065 | H72: 24 | I72: =AND(COUNTIF(CO!A:A,A72)>0,COUNTIF('O3'!A:A,A72)>0,COUNTIF('PM10'!A:A,A72)>0,COUNTIF('PM2.5'!A:A,A72)>0,COUNTIF('SO2'!A:A,A72)>0,COUNTIF(Kendaraan!A:A,A72)) -> TRUE
A73: 45456 | B73: 9.27 | C73: 9.42 | D73: 9.32 | E73: 9.28 | F73: 9.38 | G73: 0.047 | H73: 24 | I73: =AND(COUNTIF(CO!A:A,A73)>0,COUNTIF('O3'!A:A,A73)>0,COUNTIF('PM10'!A:A,A73)>0,COUNTIF('PM2.5'!A:A,A73)>0,COUNTIF('SO2'!A:A,A73)>0,COUNTIF(Kendaraan!A:A,A73)) -> TRUE
A74: 45457 | B74: 9.28 | C74: 9.48 | D74: 9.4 | E74: 9.33 | F74: 9.42 | G74: 0.053 | H74: 19 | I74: =AND(COUNTIF(CO!A:A,A74)>0,COUNTIF('O3'!A:A,A74)>0,COUNTIF('PM10'!A:A,A74)>0,COUNTIF('PM2.5'!A:A,A74)>0,COUNTIF('SO2'!A:A,A74)>0,COUNTIF(Kendaraan!A:A,A74)) -> TRUE
A75: 45458 | B75: 9.25 | C75: 9.5 | D75: 9.33 | E75: 9.31 | F75: 9.44 | G75: 0.075 | H75: 23 | I75: =AND(COUNTIF(CO!A:A,A75)>0,COUNTIF('O3'!A:A,A75)>0,COUNTIF('PM10'!A:A,A75)>0,COUNTIF('PM2.5'!A:A,A75)>0,COUNTIF('SO2'!A:A,A75)>0,COUNTIF(Kendaraan!A:A,A75)) -> TRUE
A76: 45459 | B76: 9.23 | C76: 9.42 | D76: 9.25 | E76: 9.25 | F76: 9.27 | G76: 0.056 | H76: 24 | I76: =AND(COUNTIF(CO!A:A,A76)>0,COUNTIF('O3'!A:A,A76)>0,COUNTIF('PM10'!A:A,A76)>0,COUNTIF('PM2.5'!A:A,A76)>0,COUNTIF('SO2'!A:A,A76)>0,COUNTIF(Kendaraan!A:A,A76)) -> TRUE
A77: 45460 | B77: 9.44 | C77: 9.6 | D77: 9.53 | E77: 9.44 | F77: 9.58 | G77: 0.059 | H77: 24 | I77: =AND(COUNTIF(CO!A:A,A77)>0,COUNTIF('O3'!A:A,A77)>0,COUNTIF('PM10'!A:A,A77)>0,COUNTIF('PM2.5'!A:A,A77)>0,COUNTIF('SO2'!A:A,A77)>0,COUNTIF(Kendaraan!A:A,A77)) -> TRUE
... A86: 45469 | B86: 9.61 | C86: 9.9 | D86: 9.83 | E86: 9.73 | F86: 9.88 | G86: 0.089 | H86: 24 | I86: =AND(COUNTIF(CO!A:A,A86)>0,COUNTIF('O3'!A:A,A86)>0,COUNTIF('PM10'!A:A,A86)>0,COUNTIF('PM2.5'!A:A,A86)>0,COUNTIF('SO2'!A:A,A86)>0,COUNTIF(Kendaraan!A:A,A86)) -> TRUE
A87: 45470 | B87: 9.71 | C87: 77.98 | D87: 22.36 | E87: 9.78 | F87: 53.05 | G87: 23578 | H87: 23 | I87: =AND(COUNTIF(CO!A:A,A87)>0,COUNTIF('O3'!A:A,A87)>0,COUNTIF('PM10'!A:A,A87)>0,COUNTIF('PM2.5'!A:A,A87)>0,COUNTIF('SO2'!A:A,A87)>0,COUNTIF(Kendaraan!A:A,A87)) -> TRUE
A88: 45471 | B88: 82.84 | C88: 120.94 | D88: 118.62 | E88: 107.36 | F88: 119.67 | G88: 11.33 | H88: 23 | I88: =AND(COUNTIF(CO!A:A,A88)>0,COUNTIF('O3'!A:A,A88)>0,COUNTIF('PM10'!A:A,A88)>0,COUNTIF('PM2.5'!A:A,A88)>0,COUNTIF('SO2'!A:A,A88)>0,COUNTIF(Kendaraan!A:A,A88)) -> TRUE
A89: 45472 | B89: 115.19 | C89: 121.62 | D89: 120.42 | E89: 118.34 | F89: 121.32 | G89: 1944 | H89: 24 | I89: =AND(COUNTIF(CO!A:A,A89)>0,COUNTIF('O3'!A:A,A89)>0,COUNTIF('PM10'!A:A,A89)>0,COUNTIF('PM2.5'!A:A,A89)>0,COUNTIF('SO2'!A:A,A89)>0,COUNTIF(Kendaraan!A:A,A89)) -> TRUE
A90: 45473 | B90: 113.88 | C90: 116.69 | D90: 114.35 | E90: 114.07 | F90: 115.1 | G90: 0.783 | H90: 24 | I90: =AND(COUNTIF(CO!A:A,A90)>0,COUNTIF('O3'!A:A,A90)>0,COUNTIF('PM10'!A:A,A90)>0,COUNTIF('PM2.5'!A:A,A90)>0,COUNTIF('SO2'!A:A,A90)>0,COUNTIF(Kendaraan!A:A,A90)) -> TRUE
A91: 45474 | B91: 116.77 | C91: 118.94 | D91: 117.28 | E91: 116.96 | F91: 118.15 | G91: 0.702 | H91: 24 | I91: =AND(COUNTIF(CO!A:A,A91)>0,COUNTIF('O3'!A:A,A91)>0,COUNTIF('PM10'!A:A,A91)>0,COUNTIF('PM2.5'!A:A,A91)>0,COUNTIF('SO2'!A:A,A91)>0,COUNTIF(Kendaraan!A:A,A91)) -> TRUE
A92: 45475 | B92: 119.06 | C92: 120.69 | D92: 120.39 | E92: 120.2 | F92: 120.53 | G92: 0.409 | H92: 24 | I92: =AND(COUNTIF(CO!A:A,A92)>0,COUNTIF('O3'!A:A,A92)>0,COUNTIF('PM10'!A:A,A92)>0,COUNTIF('PM2.5'!A:A,A92)>0,COUNTIF('SO2'!A:A,A92)>0,COUNTIF(Kendaraan!A:A,A92)) -> TRUE
A93: 45476 | B93: 119.48 | C93: 120.44 | D93: 119.9 | E93: 119.73 | F93: 120.08 | G93: 0.239 | H93: 23 | I93: =AND(COUNTIF(CO!A:A,A93)>0,COUNTIF('O3'!A:A,A93)>0,COUNTIF('PM10'!A:A,A93)>0,COUNTIF('PM2.5'!A:A,A93)>0,COUNTIF('SO2'!A:A,A93)>0,COUNTIF(Kendaraan!A:A,A93)) -> TRUE
A94: 45477 | B94: 120.42 | C94: 122.33 | D94: 121.94 | E94: 121.19 | F94: 122.09 | G94: 0.527 | H94: 24 | I94: =AND(COUNTIF(CO!A:A,A94)>0,COUNTIF('O3'!A:A,A94)>0,COUNTIF('PM10'!A:A,A94)>0,COUNTIF('PM2.5'!A:A,A94)>0,COUNTIF('SO2'!A:A,A94)>0,COUNTIF(Kendaraan!A:A,A94)) -> TRUE
A95: 45478 | B95: 117.15 | C95: 119.85 | D95: 117.95 | E95: 117.67 | F95: 118.83 | G95: 0.731 | H95: 24 | I95: =AND(COUNTIF(CO!A:A,A95)>0,COUNTIF('O3'!A:A,A95)>0,COUNTIF('PM10'!A:A,A95)>0,COUNTIF('PM2.5'!A:A,A95)>0,COUNTIF('SO2'!A:A,A95)>0,COUNTIF(Kendaraan!A:A,A95)) -> TRUE
A96: 45479 | B96: 114.54 | C96: 117.65 | D96: 115.5 | E96: 115.09 | F96: 116.09 | G96: 0.907 | H96: 24 | I96: =AND(COUNTIF(CO!A:A,A96)>0,COUNTIF('O3'!A:A,A96)>0,COUNTIF('PM10'!A:A,A96)>0,COUNTIF('PM2.5'!A:A,A96)>0,COUNTIF('SO2'!A:A,A96)>0,COUNTIF(Kendaraan!A:A,A96)) -> TRUE
A97: 45480 | B97: 116.27 | C97: 118.4 | D97: 117.81 | E97: 117.55 | F97: 118.1 | G97: 0.526 | H97: 24 | I97: =AND(COUNTIF(CO!A:A,A97)>0,COUNTIF('O3'!A:A,A97)>0,COUNTIF('PM10'!A:A,A97)>0,COUNTIF('PM2.5'!A:A,A97)>0,COUNTIF('SO2'!A:A,A97)>0,COUNTIF(Kendaraan!A:A,A97)) -> TRUE
A98: 45481 | B98: 116.54 | C98: 117.88 | D98: 117.29 | E98: 117.11 | F98: 117.54 | G98: 0.368 | H98: 24 | I98: =AND(COUNTIF(CO!A:A,A98)>0,COUNTIF('O3'!A:A,A98)>0,COUNTIF('PM10'!A:A,A98)>0,COUNTIF('PM2.5'!A:A,A98)>0,COUNTIF('SO2'!A:A,A98)>0,COUNTIF(Kendaraan!A:A,A98)) -> TRUE
A99: 45482 | B99: 115.81 | C99: 117.81 | D99: 117.58 | E99: 117.06 | F99: 117.69 | G99: 0.499 | H99: 24 | I99: =AND(COUNTIF(CO!A:A,A99)>0,COUNTIF('O3'!A:A,A99)>0,COUNTIF('PM10'!A:A,A99)>0,COUNTIF('PM2.5'!A:A,A99)>0,COUNTIF('SO2'!A:A,A99)>0,COUNTIF(Kendaraan!A:A,A99)) -> TRUE
A100: 45483 | B100: 111.4 | C100: 115.4 | D100: 112.67 | E100: 112.17 | F100: 114.19 | G100: 1.25 | H100: 15 | I100: =AND(COUNTIF(CO!A:A,A100)>0,COUNTIF('O3'!A:A,A100)>0,COUNTIF('PM10'!A:A,A100)>0,COUNTIF('PM2.5'!A:A,A100)>0,COUNTIF('SO2'!A:A,A100)>0,COUNTIF(Kendaraan!A:A,A100)) -> TRUE
A101: 45484 | B101: 28.06 | C101: 28.06 | D101: 28.06 | E101: 28.06 | F101: 28.06 | G101: 0 | H101: 1 | I101: =AND(COUNTIF(CO!A:A,A101)>0,COUNTIF('O3'!A:A,A101)>0,COUNTIF('PM10'!A:A,A101)>0,COUNTIF('PM2.5'!A:A,A101)>0,COUNTIF('SO2'!A:A,A101)>0,COUNTIF(Kendaraan!A:A,A101)) -> TRUE
A102: 45485 | B102: 26.65 | C102: 27.97 | D102: 26.93 | E102: 26.83 | F102: 27.32 | G102: 0.369 | H102: 24 | I102: =AND(COUNTIF(CO!A:A,A102)>0,COUNTIF('O3'!A:A,A102)>0,COUNTIF('PM10'!A:A,A102)>0,COUNTIF('PM2.5'!A:A,A102)>0,COUNTIF('SO2'!A:A,A102)>0,COUNTIF(Kendaraan!A:A,A102)) -> TRUE
A103: 45486 | B103: 24.83 | C103: 26.56 | D103: 26.08 | E103: 25.38 | F103: 26.19 | G103: 0.504 | H103: 24 | I103: =AND(COUNTIF(CO!A:A,A103)>0,COUNTIF('O3'!A:A,A103)>0,COUNTIF('PM10'!A:A,A103)>0,COUNTIF('PM2.5'!A:A,A103)>0,COUNTIF('SO2'!A:A,A103)>0,COUNTIF(Kendaraan!A:A,A103)) -> TRUE
A104: 45487 | B104: 24.56 | C104: 25.23 | D104: 24.87 | E104: 24.72 | F104: 24.99 | G104: 0.175 | H104: 24 | I104: =AND(COUNTIF(CO!A:A,A104)>0,COUNTIF('O3'!A:A,A104)>0,COUNTIF('PM10'!A:A,A104)>0,COUNTIF('PM2.5'!A:A,A104)>0,COUNTIF('SO2'!A:A,A104)>0,COUNTIF(Kendaraan!A:A,A104)) -> TRUE
A105: 45488 | B105: 25.25 | C105: 26.19 | D105: 25.92 | E105: 25.6 | F105: 26.03 | G105: 0.293 | H105: 24 | I105: =AND(COUNTIF(CO!A:A,A105)>0,COUNTIF('O3'!A:A,A105)>0,COUNTIF('PM10'!A:A,A105)>0,COUNTIF('PM2.5'!A:A,A105)>0,COUNTIF('SO2'!A:A,A105)>0,COUNTIF(Kendaraan!A:A,A105)) -> TRUE
A106: 45489 | B106: 25.69 | C106: 27.04 | D106: 25.84 | E106: 25.77 | F106: 26.26 | G106: 0.39 | H106: 24 | I106: =AND(COUNTIF(CO!A:A,A106)>0,COUNTIF('O3'!A:A,A106)>0,COUNTIF('PM10'!A:A,A106)>0,COUNTIF('PM2.5'!A:A,A106)>0,COUNTIF('SO2'!A:A,A106)>0,COUNTIF(Kendaraan!A:A,A106)) -> TRUE
A107: 45490 | B107: 27.06 | C107: 28.58 | D107: 27.51 | E107: 27.17 | F107: 27.93 | G107: 0.429 | H107: 24 | I107: =AND(COUNTIF(CO!A:A,A107)>0,COUNTIF('O3'!A:A,A107)>0,COUNTIF('PM10'!A:A,A107)>0,COUNTIF('PM2.5'!A:A,A107)>0,COUNTIF('SO2'!A:A,A107)>0,COUNTIF(Kendaraan!A:A,A107)) -> TRUE
A108: 45491 | B108: 28.77 | C108: 31.9 | D108: 30.47 | E108: 29.55 | F108: 31.31 | G108: 1014 | H108: 24 | I108: =AND(COUNTIF(CO!A:A,A108)>0,COUNTIF('O3'!A:A,A108)>0,COUNTIF('PM10'!A:A,A108)>0,COUNTIF('PM2.5'!A:A,A108)>0,COUNTIF('SO2'!A:A,A108)>0,COUNTIF(Kendaraan!A:A,A108)) -> TRUE
A109: 45492 | B109: 27.75 | C109: 31.73 | D109: 29.82 | E109: 28.72 | F109: 31.06 | G109: 1302 | H109: 24 | I109: =AND(COUNTIF(CO!A:A,A109)>0,COUNTIF('O3'!A:A,A109)>0,COUNTIF('PM10'!A:A,A109)>0,COUNTIF('PM2.5'!A:A,A109)>0,COUNTIF('SO2'!A:A,A109)>0,COUNTIF(Kendaraan!A:A,A109)) -> TRUE
A110: 45493 | B110: 27.65 | C110: 28.31 | D110: 28 | E110: 27.83 | F110: 28.21 | G110: 0.211 | H110: 24 | I110: =AND(COUNTIF(CO!A:A,A110)>0,COUNTIF('O3'!A:A,A110)>0,COUNTIF('PM10'!A:A,A110)>0,COUNTIF('PM2.5'!A:A,A110)>0,COUNTIF('SO2'!A:A,A110)>0,COUNTIF(Kendaraan!A:A,A110)) -> TRUE
A111: 45494 | B111: 26.42 | C111: 27.79 | D111: 26.77 | E111: 26.71 | F111: 27.33 | G111: 0.397 | H111: 23 | I111: =AND(COUNTIF(CO!A:A,A111)>0,COUNTIF('O3'!A:A,A111)>0,COUNTIF('PM10'!A:A,A111)>0,COUNTIF('PM2.5'!A:A,A111)>0,COUNTIF('SO2'!A:A,A111)>0,COUNTIF(Kendaraan!A:A,A111)) -> TRUE
A112: 45495 | B112: 26.44 | C112: 27.08 | D112: 26.87 | E112: 26.64 | F112: 26.94 | G112: 0.177 | H112: 24 | I112: =AND(COUNTIF(CO!A:A,A112)>0,COUNTIF('O3'!A:A,A112)>0,COUNTIF('PM10'!A:A,A112)>0,COUNTIF('PM2.5'!A:A,A112)>0,COUNTIF('SO2'!A:A,A112)>0,COUNTIF(Kendaraan!A:A,A112)) -> TRUE
A113: 45496 | B113: 27.1 | C113: 29.1 | D113: 27.63 | E113: 27.19 | F113: 28.48 | G113: 0.675 | H113: 24 | I113: =AND(COUNTIF(CO!A:A,A113)>0,COUNTIF('O3'!A:A,A113)>0,COUNTIF('PM10'!A:A,A113)>0,COUNTIF('PM2.5'!A:A,A113)>0,COUNTIF('SO2'!A:A,A113)>0,COUNTIF(Kendaraan!A:A,A113)) -> TRUE
A114: 45497 | B114: 26.38 | C114: 29.19 | D114: 27.8 | E114: 26.78 | F114: 28.67 | G114: 0.948 | H114: 24 | I114: =AND(COUNTIF(CO!A:A,A114)>0,COUNTIF('O3'!A:A,A114)>0,COUNTIF('PM10'!A:A,A114)>0,COUNTIF('PM2.5'!A:A,A114)>0,COUNTIF('SO2'!A:A,A114)>0,COUNTIF(Kendaraan!A:A,A114)) -> TRUE
A115: 45498 | B115: 26.23 | C115: 28.73 | D115: 27.73 | E115: 26.92 | F115: 28.4 | G115: 0.824 | H115: 24 | I115: =AND(COUNTIF(CO!A:A,A115)>0,COUNTIF('O3'!A:A,A115)>0,COUNTIF('PM10'!A:A,A115)>0,COUNTIF('PM2.5'!A:A,A115)>0,COUNTIF('SO2'!A:A,A115)>0,COUNTIF(Kendaraan!A:A,A115)) -> TRUE
A116: 45499 | B116: 22.33 | C116: 28.9 | D116: 27.6 | E116: 24.81 | F116: 28.42 | G116: 2139 | H116: 24 | I116: =AND(COUNTIF(CO!A:A,A116)>0,COUNTIF('O3'!A:A,A116)>0,COUNTIF('PM10'!A:A,A116)>0,COUNTIF('PM2.5'!A:A,A116)>0,COUNTIF('SO2'!A:A,A116)>0,COUNTIF(Kendaraan!A:A,A116)) -> TRUE
A117: 45500 | B117: 21.4 | C117: 22.06 | D117: 21.47 | E117: 21.44 | F117: 21.58 | G117: 0.15 | H117: 24 | I117: =AND(COUNTIF(CO!A:A,A117)>0,COUNTIF('O3'!A:A,A117)>0,COUNTIF('PM10'!A:A,A117)>0,COUNTIF('PM2.5'!A:A,A117)>0,COUNTIF('SO2'!A:A,A117)>0,COUNTIF(Kendaraan!A:A,A117)) -> TRUE
A118: 45501 | B118: 21.4 | C118: 22.17 | D118: 21.65 | E118: 21.48 | F118: 21.68 | G118: 0.195 | H118: 24 | I118: =AND(COUNTIF(CO!A:A,A118)>0,COUNTIF('O3'!A:A,A118)>0,COUNTIF('PM10'!A:A,A118)>0,COUNTIF('PM2.5'!A:A,A118)>0,COUNTIF('SO2'!A:A,A118)>0,COUNTIF(Kendaraan!A:A,A118)) -> TRUE
A119: 45502 | B119: 21.5 | C119: 22.38 | D119: 21.95 | E119: 21.87 | F119: 22.29 | G119: 0.256 | H119: 24 | I119: =AND(COUNTIF(CO!A:A,A119)>0,COUNTIF('O3'!A:A,A119)>0,COUNTIF('PM10'!A:A,A119)>0,COUNTIF('PM2.5'!A:A,A119)>0,COUNTIF('SO2'!A:A,A119)>0,COUNTIF(Kendaraan!A:A,A119)) -> TRUE
A120: 45503 | B120: 21.21 | C120: 21.69 | D120: 21.5 | E120: 21.32 | F120: 21.58 | G120: 0.149 | H120: 24 | I120: =AND(COUNTIF(CO!A:A,A120)>0,COUNTIF('O3'!A:A,A120)>0,COUNTIF('PM10'!A:A,A120)>0,COUNTIF('PM2.5'!A:A,A120)>0,COUNTIF('SO2'!A:A,A120)>0,COUNTIF(Kendaraan!A:A,A120)) -> TRUE
A121: 45504 | B121: 21.17 | C121: 21.54 | D121: 21.41 | E121: 21.35 | F121: 21.5 | G121: 0.095 | H121: 24 | I121: =AND(COUNTIF(CO!A:A,A121)>0,COUNTIF('O3'!A:A,A121)>0,COUNTIF('PM10'!A:A,A121)>0,COUNTIF('PM2.5'!A:A,A121)>0,COUNTIF('SO2'!A:A,A121)>0,COUNTIF(Kendaraan!A:A,A121)) -> TRUE
A122: 45505 | B122: 21.1 | C122: 21.31 | D122: 21.21 | E122: 21.15 | F122: 21.25 | G122: 0.054 | H122: 24 | I122: =AND(COUNTIF(CO!A:A,A122)>0,COUNTIF('O3'!A:A,A122)>0,COUNTIF('PM10'!A:A,A122)>0,COUNTIF('PM2.5'!A:A,A122)>0,COUNTIF('SO2'!A:A,A122)>0,COUNTIF(Kendaraan!A:A,A122)) -> TRUE
A123: 45506 | B123: 21.23 | C123: 21.88 | D123: 21.73 | E123: 21.59 | F123: 21.8 | G123: 0.194 | H123: 24 | I123: =AND(COUNTIF(CO!A:A,A123)>0,COUNTIF('O3'!A:A,A123)>0,COUNTIF('PM10'!A:A,A123)>0,COUNTIF('PM2.5'!A:A,A123)>0,COUNTIF('SO2'!A:A,A123)>0,COUNTIF(Kendaraan!A:A,A123)) -> TRUE
A124: 45507 | B124: 20.98 | C124: 21.73 | D124: 21.33 | E124: 21.17 | F124: 21.47 | G124: 0.208 | H124: 24 | I124: =AND(COUNTIF(CO!A:A,A124)>0,COUNTIF('O3'!A:A,A124)>0,COUNTIF('PM10'!A:A,A124)>0,COUNTIF('PM2.5'!A:A,A124)>0,COUNTIF('SO2'!A:A,A124)>0,COUNTIF(Kendaraan!A:A,A124)) -> TRUE
A125: 45508 | B125: 21.71 | C125: 22.62 | D125: 22.04 | E125: 21.91 | F125: 22.32 | G125: 0.259 | H125: 24 | I125: =AND(COUNTIF(CO!A:A,A125)>0,COUNTIF('O3'!A:A,A125)>0,COUNTIF('PM10'!A:A,A125)>0,COUNTIF('PM2.5'!A:A,A125)>0,COUNTIF('SO2'!A:A,A125)>0,COUNTIF(Kendaraan!A:A,A125)) -> TRUE
A126: 45509 | B126: 22.75 | C126: 24.5 | D126: 23.91 | E126: 23.17 | F126: 24.16 | G126: 0.558 | H126: 24 | I126: =AND(COUNTIF(CO!A:A,A126)>0,COUNTIF('O3'!A:A,A126)>0,COUNTIF('PM10'!A:A,A126)>0,COUNTIF('PM2.5'!A:A,A126)>0,COUNTIF('SO2'!A:A,A126)>0,COUNTIF(Kendaraan!A:A,A126)) -> TRUE
A127: 45510 | B127: 24.38 | C127: 24.98 | D127: 24.69 | E127: 24.51 | F127: 24.82 | G127: 0.189 | H127: 24 | I127: =AND(COUNTIF(CO!A:A,A127)>0,COUNTIF('O3'!A:A,A127)>0,COUNTIF('PM10'!A:A,A127)>0,COUNTIF('PM2.5'!A:A,A127)>0,COUNTIF('SO2'!A:A,A127)>0,COUNTIF(Kendaraan!A:A,A127)) -> TRUE
A128: 45511 | B128: 24.12 | C128: 25.08 | D128: 24.9 | E128: 24.62 | F128: 24.96 | G128: 0.28 | H128: 24 | I128: =AND(COUNTIF(CO!A:A,A128)>0,COUNTIF('O3'!A:A,A128)>0,COUNTIF('PM10'!A:A,A128)>0,COUNTIF('PM2.5'!A:A,A128)>0,COUNTIF('SO2'!A:A,A128)>0,COUNTIF(Kendaraan!A:A,A128)) -> TRUE
...

Sheet O3
A1: date | B1: min | C1: max | D1: median | E1: q1 | F1: q3 | G1: stdev | H1: count | I1: cek
A2: 45337 | B2: 23 | C2: 32.61 | D2: 29.75 | E2: 28.11 | F2: 31.25 | G2: 2593 | H2: 24 | I2: =AND(COUNTIF(CO!A:A,A2)>0,COUNTIF('NO2'!A:A,A2)>0,COUNTIF('PM10'!A:A,A2)>0,COUNTIF('PM2.5'!A:A,A2)>0,COUNTIF('SO2'!A:A,A2)>0,COUNTIF(Kendaraan!A:A,A2)>0) -> TRUE
A3: 45338 | B3: 4.13 | C3: 33.11 | D3: 19.78 | E3: 11.74 | F3: 24.92 | G3: 8396 | H3: 24 | I3: =AND(COUNTIF(CO!A:A,A3)>0,COUNTIF('NO2'!A:A,A3)>0,COUNTIF('PM10'!A:A,A3)>0,COUNTIF('PM2.5'!A:A,A3)>0,COUNTIF('SO2'!A:A,A3)>0,COUNTIF(Kendaraan!A:A,A3)>0) -> TRUE
A4: 45342 | B4: 26.17 | C4: 43.5 | D4: 28.29 | E4: 27.79 | F4: 28.5 | G4: 3514 | H4: 19 | I4: =AND(COUNTIF(CO!A:A,A4)>0,COUNTIF('NO2'!A:A,A4)>0,COUNTIF('PM10'!A:A,A4)>0,COUNTIF('PM2.5'!A:A,A4)>0,COUNTIF('SO2'!A:A,A4)>0,COUNTIF(Kendaraan!A:A,A4)>0) -> TRUE
A5: 45343 | B5: 9.06 | C5: 28.65 | D5: 22.96 | E5: 15.7 | F5: 28.49 | G5: 6687 | H5: 24 | I5: =AND(COUNTIF(CO!A:A,A5)>0,COUNTIF('NO2'!A:A,A5)>0,COUNTIF('PM10'!A:A,A5)>0,COUNTIF('PM2.5'!A:A,A5)>0,COUNTIF('SO2'!A:A,A5)>0,COUNTIF(Kendaraan!A:A,A5)>0) -> TRUE
A6: 45344 | B6: 0.6 | C6: 7.85 | D6: 4.23 | E6: 1.81 | F6: 6.65 | G6: 2418 | H6: 7 | I6: =AND(COUNTIF(CO!A:A,A6)>0,COUNTIF('NO2'!A:A,A6)>0,COUNTIF('PM10'!A:A,A6)>0,COUNTIF('PM2.5'!A:A,A6)>0,COUNTIF('SO2'!A:A,A6)>0,COUNTIF(Kendaraan!A:A,A6)>0) -> TRUE
A7: 45372 | B7: 42.88 | C7: 43.58 | D7: 43.46 | E7: 43.11 | F7: 43.47 | G7: 0.221 | H7: 9 | I7: =AND(COUNTIF(CO!A:A,A7)>0,COUNTIF('NO2'!A:A,A7)>0,COUNTIF('PM10'!A:A,A7)>0,COUNTIF('PM2.5'!A:A,A7)>0,COUNTIF('SO2'!A:A,A7)>0,COUNTIF(Kendaraan!A:A,A7)>0) -> TRUE
A8: 45373 | B8: 48.77 | C8: 48.88 | D8: 48.8 | E8: 48.78 | F8: 48.85 | G8: 0.041 | H8: 4 | I8: =AND(COUNTIF(CO!A:A,A8)>0,COUNTIF('NO2'!A:A,A8)>0,COUNTIF('PM10'!A:A,A8)>0,COUNTIF('PM2.5'!A:A,A8)>0,COUNTIF('SO2'!A:A,A8)>0,COUNTIF(Kendaraan!A:A,A8)>0) -> TRUE
A9: 45377 | B9: 49.67 | C9: 49.67 | D9: 49.67 | E9: 49.67 | F9: 49.67 | G9: 0 | H9: 1 | I9: =AND(COUNTIF(CO!A:A,A9)>0,COUNTIF('NO2'!A:A,A9)>0,COUNTIF('PM10'!A:A,A9)>0,COUNTIF('PM2.5'!A:A,A9)>0,COUNTIF('SO2'!A:A,A9)>0,COUNTIF(Kendaraan!A:A,A9)>0) -> TRUE
A10: 45383 | B10: 37.72 | C10: 40.22 | D10: 39.67 | E10: 39.14 | F10: 40.02 | G10: 0.678 | H10: 21 | I10: =AND(COUNTIF(CO!A:A,A10)>0,COUNTIF('NO2'!A:A,A10)>0,COUNTIF('PM10'!A:A,A10)>0,COUNTIF('PM2.5'!A:A,A10)>0,COUNTIF('SO2'!A:A,A10)>0,COUNTIF(Kendaraan!A:A,A10)>0) -> TRUE
A11: 45384 | B11: 38.61 | C11: 42.44 | D11: 39.47 | E11: 38.97 | F11: 40.21 | G11: 1096 | H11: 24 | I11: =AND(COUNTIF(CO!A:A,A11)>0,COUNTIF('NO2'!A:A,A11)>0,COUNTIF('PM10'!A:A,A11)>0,COUNTIF('PM2.5'!A:A,A11)>0,COUNTIF('SO2'!A:A,A11)>0,COUNTIF(Kendaraan!A:A,A11)>0) -> TRUE
A12: 45385 | B12: 41.92 | C12: 46.54 | D12: 42.61 | E12: 42.01 | F12: 46.25 | G12: 1956 | H12: 24 | I12: =AND(COUNTIF(CO!A:A,A12)>0,COUNTIF('NO2'!A:A,A12)>0,COUNTIF('PM10'!A:A,A12)>0,COUNTIF('PM2.5'!A:A,A12)>0,COUNTIF('SO2'!A:A,A12)>0,COUNTIF(Kendaraan!A:A,A12)>0) -> TRUE
A13: 45386 | B13: 43.83 | C13: 47.35 | D13: 46.31 | E13: 44.2 | F13: 47.03 | G13: 1328 | H13: 24 | I13: =AND(COUNTIF(CO!A:A,A13)>0,COUNTIF('NO2'!A:A,A13)>0,COUNTIF('PM10'!A:A,A13)>0,COUNTIF('PM2.5'!A:A,A13)>0,COUNTIF('SO2'!A:A,A13)>0,COUNTIF(Kendaraan!A:A,A13)>0) -> TRUE
A14: 45387 | B14: 39 | C14: 43.88 | D14: 43.19 | E14: 41.25 | F14: 43.31 | G14: 1436 | H14: 23 | I14: =AND(COUNTIF(CO!A:A,A14)>0,COUNTIF('NO2'!A:A,A14)>0,COUNTIF('PM10'!A:A,A14)>0,COUNTIF('PM2.5'!A:A,A14)>0,COUNTIF('SO2'!A:A,A14)>0,COUNTIF(Kendaraan!A:A,A14)>0) -> TRUE
A15: 45388 | B15: 38.47 | C15: 40.6 | D15: 39.46 | E15: 38.92 | F15: 40.04 | G15: 0.638 | H15: 24 | I15: =AND(COUNTIF(CO!A:A,A15)>0,COUNTIF('NO2'!A:A,A15)>0,COUNTIF('PM10'!A:A,A15)>0,COUNTIF('PM2.5'!A:A,A15)>0,COUNTIF('SO2'!A:A,A15)>0,COUNTIF(Kendaraan!A:A,A15)>0) -> TRUE
A16: 45389 | B16: 40.08 | C16: 42.56 | D16: 41.92 | E16: 41.28 | F16: 42.15 | G16: 0.699 | H16: 24 | I16: =AND(COUNTIF(CO!A:A,A16)>0,COUNTIF('NO2'!A:A,A16)>0,COUNTIF('PM10'!A:A,A16)>0,COUNTIF('PM2.5'!A:A,A16)>0,COUNTIF('SO2'!A:A,A16)>0,COUNTIF(Kendaraan!A:A,A16)>0) -> TRUE
A17: 45390 | B17: 38.02 | C17: 41.35 | D17: 39.29 | E17: 38.43 | F17: 40.54 | G17: 1111 | H17: 24 | I17: =AND(COUNTIF(CO!A:A,A17)>0,COUNTIF('NO2'!A:A,A17)>0,COUNTIF('PM10'!A:A,A17)>0,COUNTIF('PM2.5'!A:A,A17)>0,COUNTIF('SO2'!A:A,A17)>0,COUNTIF(Kendaraan!A:A,A17)>0) -> TRUE
A18: 45391 | B18: 36.72 | C18: 39.33 | D18: 38.47 | E18: 37.83 | F18: 38.89 | G18: 0.715 | H18: 24 | I18: =AND(COUNTIF(CO!A:A,A18)>0,COUNTIF('NO2'!A:A,A18)>0,COUNTIF('PM10'!A:A,A18)>0,COUNTIF('PM2.5'!A:A,A18)>0,COUNTIF('SO2'!A:A,A18)>0,COUNTIF(Kendaraan!A:A,A18)>0) -> TRUE
A19: 45392 | B19: 34.42 | C19: 36.72 | D19: 35.58 | E19: 34.84 | F19: 35.86 | G19: 0.594 | H19: 24 | I19: =AND(COUNTIF(CO!A:A,A19)>0,COUNTIF('NO2'!A:A,A19)>0,COUNTIF('PM10'!A:A,A19)>0,COUNTIF('PM2.5'!A:A,A19)>0,COUNTIF('SO2'!A:A,A19)>0,COUNTIF(Kendaraan!A:A,A19)>0) -> TRUE
A20: 45393 | B20: 33.1 | C20: 35.29 | D20: 34.45 | E20: 33.72 | F20: 35.11 | G20: 0.738 | H20: 24 | I20: =AND(COUNTIF(CO!A:A,A20)>0,COUNTIF('NO2'!A:A,A20)>0,COUNTIF('PM10'!A:A,A20)>0,COUNTIF('PM2.5'!A:A,A20)>0,COUNTIF('SO2'!A:A,A20)>0,COUNTIF(Kendaraan!A:A,A20)>0) -> TRUE
A21: 45394 | B21: 33.22 | C21: 39.29 | D21: 34.13 | E21: 33.46 | F21: 37.15 | G21: 1892 | H21: 24 | I21: =AND(COUNTIF(CO!A:A,A21)>0,COUNTIF('NO2'!A:A,A21)>0,COUNTIF('PM10'!A:A,A21)>0,COUNTIF('PM2.5'!A:A,A21)>0,COUNTIF('SO2'!A:A,A21)>0,COUNTIF(Kendaraan!A:A,A21)>0) -> TRUE
A22: 45395 | B22: 38.85 | C22: 41.27 | D22: 39.24 | E22: 39.09 | F22: 39.59 | G22: 0.65 | H22: 24 | I22: =AND(COUNTIF(CO!A:A,A22)>0,COUNTIF('NO2'!A:A,A22)>0,COUNTIF('PM10'!A:A,A22)>0,COUNTIF('PM2.5'!A:A,A22)>0,COUNTIF('SO2'!A:A,A22)>0,COUNTIF(Kendaraan!A:A,A22)>0) -> TRUE
A23: 45396 | B23: 39.27 | C23: 39.97 | D23: 39.63 | E23: 39.49 | F23: 39.76 | G23: 0.188 | H23: 24 | I23: =AND(COUNTIF(CO!A:A,A23)>0,COUNTIF('NO2'!A:A,A23)>0,COUNTIF('PM10'!A:A,A23)>0,COUNTIF('PM2.5'!A:A,A23)>0,COUNTIF('SO2'!A:A,A23)>0,COUNTIF(Kendaraan!A:A,A23)>0) -> TRUE
A24: 45397 | B24: 39.52 | C24: 44.56 | D24: 40.98 | E24: 40.32 | F24: 42.91 | G24: 1512 | H24: 24 | I24: =AND(COUNTIF(CO!A:A,A24)>0,COUNTIF('NO2'!A:A,A24)>0,COUNTIF('PM10'!A:A,A24)>0,COUNTIF('PM2.5'!A:A,A24)>0,COUNTIF('SO2'!A:A,A24)>0,COUNTIF(Kendaraan!A:A,A24)>0) -> TRUE
A25: 45398 | B25: 39.38 | C25: 44.69 | D25: 43.81 | E25: 41.26 | F25: 44.26 | G25: 1671 | H25: 24 | I25: =AND(COUNTIF(CO!A:A,A25)>0,COUNTIF('NO2'!A:A,A25)>0,COUNTIF('PM10'!A:A,A25)>0,COUNTIF('PM2.5'!A:A,A25)>0,COUNTIF('SO2'!A:A,A25)>0,COUNTIF(Kendaraan!A:A,A25)>0) -> TRUE
A26: 45399 | B26: 37.31 | C26: 39.35 | D26: 38.75 | E26: 37.54 | F26: 39.15 | G26: 0.814 | H26: 24 | I26: =AND(COUNTIF(CO!A:A,A26)>0,COUNTIF('NO2'!A:A,A26)>0,COUNTIF('PM10'!A:A,A26)>0,COUNTIF('PM2.5'!A:A,A26)>0,COUNTIF('SO2'!A:A,A26)>0,COUNTIF(Kendaraan!A:A,A26)>0) -> TRUE
A27: 45400 | B27: 36.25 | C27: 38.08 | D27: 37.17 | E27: 37.02 | F27: 37.59 | G27: 0.417 | H27: 24 | I27: =AND(COUNTIF(CO!A:A,A27)>0,COUNTIF('NO2'!A:A,A27)>0,COUNTIF('PM10'!A:A,A27)>0,COUNTIF('PM2.5'!A:A,A27)>0,COUNTIF('SO2'!A:A,A27)>0,COUNTIF(Kendaraan!A:A,A27)>0) -> TRUE
A28: 45401 | B28: 33.72 | C28: 36.22 | D28: 35.1 | E28: 34.03 | F28: 35.81 | G28: 0.878 | H28: 24 | I28: =AND(COUNTIF(CO!A:A,A28)>0,COUNTIF('NO2'!A:A,A28)>0,COUNTIF('PM10'!A:A,A28)>0,COUNTIF('PM2.5'!A:A,A28)>0,COUNTIF('SO2'!A:A,A28)>0,COUNTIF(Kendaraan!A:A,A28)>0) -> TRUE
A29: 45402 | B29: 33.81 | C29: 38.21 | D29: 33.99 | E29: 33.9 | F29: 36.09 | G29: 1361 | H29: 24 | I29: =AND(COUNTIF(CO!A:A,A29)>0,COUNTIF('NO2'!A:A,A29)>0,COUNTIF('PM10'!A:A,A29)>0,COUNTIF('PM2.5'!A:A,A29)>0,COUNTIF('SO2'!A:A,A29)>0,COUNTIF(Kendaraan!A:A,A29)>0) -> TRUE
A30: 45403 | B30: 34.69 | C30: 39.71 | D30: 38.65 | E30: 37.06 | F30: 39.29 | G30: 1475 | H30: 24 | I30: =AND(COUNTIF(CO!A:A,A30)>0,COUNTIF('NO2'!A:A,A30)>0,COUNTIF('PM10'!A:A,A30)>0,COUNTIF('PM2.5'!A:A,A30)>0,COUNTIF('SO2'!A:A,A30)>0,COUNTIF(Kendaraan!A:A,A30)>0) -> TRUE
A31: 45404 | B31: 33.56 | C31: 39.04 | D31: 34.39 | E31: 33.88 | F31: 36.09 | G31: 1536 | H31: 24 | I31: =AND(COUNTIF(CO!A:A,A31)>0,COUNTIF('NO2'!A:A,A31)>0,COUNTIF('PM10'!A:A,A31)>0,COUNTIF('PM2.5'!A:A,A31)>0,COUNTIF('SO2'!A:A,A31)>0,COUNTIF(Kendaraan!A:A,A31)>0) -> TRUE
A32: 45405 | B32: 34.88 | C32: 39.22 | D32: 38.57 | E32: 37.13 | F32: 38.92 | G32: 1.21 | H32: 24 | I32: =AND(COUNTIF(CO!A:A,A32)>0,COUNTIF('NO2'!A:A,A32)>0,COUNTIF('PM10'!A:A,A32)>0,COUNTIF('PM2.5'!A:A,A32)>0,COUNTIF('SO2'!A:A,A32)>0,COUNTIF(Kendaraan!A:A,A32)>0) -> TRUE
A33: 45406 | B33: 34.6 | C33: 41.17 | D33: 35.24 | E33: 34.92 | F33: 38.35 | G33: 2127 | H33: 24 | I33: =AND(COUNTIF(CO!A:A,A33)>0,COUNTIF('NO2'!A:A,A33)>0,COUNTIF('PM10'!A:A,A33)>0,COUNTIF('PM2.5'!A:A,A33)>0,COUNTIF('SO2'!A:A,A33)>0,COUNTIF(Kendaraan!A:A,A33)>0) -> TRUE
A34: 45407 | B34: 39.22 | C34: 42.06 | D34: 41.18 | E34: 39.89 | F34: 41.72 | G34: 0.927 | H34: 24 | I34: =AND(COUNTIF(CO!A:A,A34)>0,COUNTIF('NO2'!A:A,A34)>0,COUNTIF('PM10'!A:A,A34)>0,COUNTIF('PM2.5'!A:A,A34)>0,COUNTIF('SO2'!A:A,A34)>0,COUNTIF(Kendaraan!A:A,A34)>0) -> TRUE
A35: 45408 | B35: 39.71 | C35: 43.42 | D35: 40.69 | E35: 40.39 | F35: 43.05 | G35: 1272 | H35: 24 | I35: =AND(COUNTIF(CO!A:A,A35)>0,COUNTIF('NO2'!A:A,A35)>0,COUNTIF('PM10'!A:A,A35)>0,COUNTIF('PM2.5'!A:A,A35)>0,COUNTIF('SO2'!A:A,A35)>0,COUNTIF(Kendaraan!A:A,A35)>0) -> TRUE
A36: 45409 | B36: 42.29 | C36: 43.96 | D36: 42.77 | E36: 42.47 | F36: 43.18 | G36: 0.491 | H36: 24 | I36: =AND(COUNTIF(CO!A:A,A36)>0,COUNTIF('NO2'!A:A,A36)>0,COUNTIF('PM10'!A:A,A36)>0,COUNTIF('PM2.5'!A:A,A36)>0,COUNTIF('SO2'!A:A,A36)>0,COUNTIF(Kendaraan!A:A,A36)>0) -> TRUE
A37: 45410 | B37: 44 | C37: 45.38 | D37: 44.25 | E37: 44.18 | F37: 44.94 | G37: 0.443 | H37: 24 | I37: =AND(COUNTIF(CO!A:A,A37)>0,COUNTIF('NO2'!A:A,A37)>0,COUNTIF('PM10'!A:A,A37)>0,COUNTIF('PM2.5'!A:A,A37)>0,COUNTIF('SO2'!A:A,A37)>0,COUNTIF(Kendaraan!A:A,A37)>0) -> TRUE
A38: 45411 | B38: 43.75 | C38: 44.79 | D38: 44.41 | E38: 44.04 | F38: 44.53 | G38: 0.3 | H38: 24 | I38: =AND(COUNTIF(CO!A:A,A38)>0,COUNTIF('NO2'!A:A,A38)>0,COUNTIF('PM10'!A:A,A38)>0,COUNTIF('PM2.5'!A:A,A38)>0,COUNTIF('SO2'!A:A,A38)>0,COUNTIF(Kendaraan!A:A,A38)>0) -> TRUE
A39: 45412 | B39: 39.31 | C39: 43.5 | D39: 42.43 | E39: 41.11 | F39: 42.82 | G39: 1267 | H39: 24 | I39: =AND(COUNTIF(CO!A:A,A39)>0,COUNTIF('NO2'!A:A,A39)>0,COUNTIF('PM10'!A:A,A39)>0,COUNTIF('PM2.5'!A:A,A39)>0,COUNTIF('SO2'!A:A,A39)>0,COUNTIF(Kendaraan!A:A,A39)>0) -> TRUE
A40: 45413 | B40: 35.25 | C40: 40.29 | D40: 39.44 | E40: 37.08 | F40: 40.02 | G40: 1648 | H40: 24 | I40: =AND(COUNTIF(CO!A:A,A40)>0,COUNTIF('NO2'!A:A,A40)>0,COUNTIF('PM10'!A:A,A40)>0,COUNTIF('PM2.5'!A:A,A40)>0,COUNTIF('SO2'!A:A,A40)>0,COUNTIF(Kendaraan!A:A,A40)>0) -> TRUE
A41: 45414 | B41: 34.04 | C41: 35.11 | D41: 34.46 | E41: 34.29 | F41: 34.68 | G41: 0.266 | H41: 24 | I41: =AND(COUNTIF(CO!A:A,A41)>0,COUNTIF('NO2'!A:A,A41)>0,COUNTIF('PM10'!A:A,A41)>0,COUNTIF('PM2.5'!A:A,A41)>0,COUNTIF('SO2'!A:A,A41)>0,COUNTIF(Kendaraan!A:A,A41)>0) -> TRUE
A42: 45415 | B42: 33.29 | C42: 34.44 | D42: 33.74 | E42: 33.6 | F42: 34.21 | G42: 0.346 | H42: 24 | I42: =AND(COUNTIF(CO!A:A,A42)>0,COUNTIF('NO2'!A:A,A42)>0,COUNTIF('PM10'!A:A,A42)>0,COUNTIF('PM2.5'!A:A,A42)>0,COUNTIF('SO2'!A:A,A42)>0,COUNTIF(Kendaraan!A:A,A42)>0) -> TRUE
A43: 45416 | B43: 31.15 | C43: 33.81 | D43: 33.39 | E43: 32.86 | F43: 33.58 | G43: 0.75 | H43: 16 | I43: =AND(COUNTIF(CO!A:A,A43)>0,COUNTIF('NO2'!A:A,A43)>0,COUNTIF('PM10'!A:A,A43)>0,COUNTIF('PM2.5'!A:A,A43)>0,COUNTIF('SO2'!A:A,A43)>0,COUNTIF(Kendaraan!A:A,A43)>0) -> TRUE
A44: 45417 | B44: 26.4 | C44: 28.19 | D44: 27.9 | E44: 27 | F44: 28.13 | G44: 0.626 | H44: 21 | I44: =AND(COUNTIF(CO!A:A,A44)>0,COUNTIF('NO2'!A:A,A44)>0,COUNTIF('PM10'!A:A,A44)>0,COUNTIF('PM2.5'!A:A,A44)>0,COUNTIF('SO2'!A:A,A44)>0,COUNTIF(Kendaraan!A:A,A44)>0) -> TRUE
A45: 45418 | B45: 26.5 | C45: 27.44 | D45: 26.96 | E45: 26.89 | F45: 27.12 | G45: 0.24 | H45: 24 | I45: =AND(COUNTIF(CO!A:A,A45)>0,COUNTIF('NO2'!A:A,A45)>0,COUNTIF('PM10'!A:A,A45)>0,COUNTIF('PM2.5'!A:A,A45)>0,COUNTIF('SO2'!A:A,A45)>0,COUNTIF(Kendaraan!A:A,A45)>0) -> TRUE
A46: 45419 | B46: 26.73 | C46: 27.58 | D46: 27.11 | E46: 26.85 | F46: 27.33 | G46: 0.242 | H46: 24 | I46: =AND(COUNTIF(CO!A:A,A46)>0,COUNTIF('NO2'!A:A,A46)>0,COUNTIF('PM10'!A:A,A46)>0,COUNTIF('PM2.5'!A:A,A46)>0,COUNTIF('SO2'!A:A,A46)>0,COUNTIF(Kendaraan!A:A,A46)>0) -> TRUE
A47: 45420 | B47: 27.67 | C47: 28.81 | D47: 28.38 | E47: 28.14 | F47: 28.5 | G47: 0.31 | H47: 24 | I47: =AND(COUNTIF(CO!A:A,A47)>0,COUNTIF('NO2'!A:A,A47)>0,COUNTIF('PM10'!A:A,A47)>0,COUNTIF('PM2.5'!A:A,A47)>0,COUNTIF('SO2'!A:A,A47)>0,COUNTIF(Kendaraan!A:A,A47)>0) -> TRUE
A48: 45421 | B48: 28.06 | C48: 29.75 | D48: 28.74 | E48: 28.37 | F48: 29.53 | G48: 0.59 | H48: 24 | I48: =AND(COUNTIF(CO!A:A,A48)>0,COUNTIF('NO2'!A:A,A48)>0,COUNTIF('PM10'!A:A,A48)>0,COUNTIF('PM2.5'!A:A,A48)>0,COUNTIF('SO2'!A:A,A48)>0,COUNTIF(Kendaraan!A:A,A48)>0) -> TRUE
A49: 45422 | B49: 29.21 | C49: 30.75 | D49: 29.58 | E49: 29.45 | F49: 29.93 | G49: 0.428 | H49: 24 | I49: =AND(COUNTIF(CO!A:A,A49)>0,COUNTIF('NO2'!A:A,A49)>0,COUNTIF('PM10'!A:A,A49)>0,COUNTIF('PM2.5'!A:A,A49)>0,COUNTIF('SO2'!A:A,A49)>0,COUNTIF(Kendaraan!A:A,A49)>0) -> TRUE
A50: 45423 | B50: 30.69 | C50: 31.5 | D50: 31.19 | E50: 30.95 | F50: 31.26 | G50: 0.213 | H50: 24 | I50: =AND(COUNTIF(CO!A:A,A50)>0,COUNTIF('NO2'!A:A,A50)>0,COUNTIF('PM10'!A:A,A50)>0,COUNTIF('PM2.5'!A:A,A50)>0,COUNTIF('SO2'!A:A,A50)>0,COUNTIF(Kendaraan!A:A,A50)>0) -> TRUE
A51: 45424 | B51: 30.6 | C51: 31.42 | D51: 30.99 | E51: 30.84 | F51: 31.12 | G51: 0.198 | H51: 24 | I51: =AND(COUNTIF(CO!A:A,A51)>0,COUNTIF('NO2'!A:A,A51)>0,COUNTIF('PM10'!A:A,A51)>0,COUNTIF('PM2.5'!A:A,A51)>0,COUNTIF('SO2'!A:A,A51)>0,COUNTIF(Kendaraan!A:A,A51)>0) -> TRUE
A52: 45425 | B52: 28.17 | C52: 31.12 | D52: 30.77 | E52: 28.86 | F52: 30.82 | G52: 1073 | H52: 24 | I52: =AND(COUNTIF(CO!A:A,A52)>0,COUNTIF('NO2'!A:A,A52)>0,COUNTIF('PM10'!A:A,A52)>0,COUNTIF('PM2.5'!A:A,A52)>0,COUNTIF('SO2'!A:A,A52)>0,COUNTIF(Kendaraan!A:A,A52)>0) -> TRUE
A53: 45426 | B53: 27.48 | C53: 28.67 | D53: 28.48 | E53: 28.05 | F53: 28.6 | G53: 0.333 | H53: 24 | I53: =AND(COUNTIF(CO!A:A,A53)>0,COUNTIF('NO2'!A:A,A53)>0,COUNTIF('PM10'!A:A,A53)>0,COUNTIF('PM2.5'!A:A,A53)>0,COUNTIF('SO2'!A:A,A53)>0,COUNTIF(Kendaraan!A:A,A53)>0) -> TRUE
A54: 45427 | B54: 26.62 | C54: 27.83 | D54: 27.02 | E54: 26.87 | F54: 27.39 | G54: 0.342 | H54: 24 | I54: =AND(COUNTIF(CO!A:A,A54)>0,COUNTIF('NO2'!A:A,A54)>0,COUNTIF('PM10'!A:A,A54)>0,COUNTIF('PM2.5'!A:A,A54)>0,COUNTIF('SO2'!A:A,A54)>0,COUNTIF(Kendaraan!A:A,A54)>0) -> TRUE
A55: 45428 | B55: 27.9 | C55: 34.77 | D55: 30.76 | E55: 28.64 | F55: 32.92 | G55: 2207 | H55: 24 | I55: =AND(COUNTIF(CO!A:A,A55)>0,COUNTIF('NO2'!A:A,A55)>0,COUNTIF('PM10'!A:A,A55)>0,COUNTIF('PM2.5'!A:A,A55)>0,COUNTIF('SO2'!A:A,A55)>0,COUNTIF(Kendaraan!A:A,A55)>0) -> TRUE
A56: 45429 | B56: 34.96 | C56: 38.1 | D56: 36.34 | E56: 35.86 | F56: 37.17 | G56: 0.862 | H56: 24 | I56: =AND(COUNTIF(CO!A:A,A56)>0,COUNTIF('NO2'!A:A,A56)>0,COUNTIF('PM10'!A:A,A56)>0,COUNTIF('PM2.5'!A:A,A56)>0,COUNTIF('SO2'!A:A,A56)>0,COUNTIF(Kendaraan!A:A,A56)>0) -> TRUE
A57: 45430 | B57: 37.88 | C57: 40.06 | D57: 38.93 | E57: 38.36 | F57: 39.49 | G57: 0.648 | H57: 24 | I57: =AND(COUNTIF(CO!A:A,A57)>0,COUNTIF('NO2'!A:A,A57)>0,COUNTIF('PM10'!A:A,A57)>0,COUNTIF('PM2.5'!A:A,A57)>0,COUNTIF('SO2'!A:A,A57)>0,COUNTIF(Kendaraan!A:A,A57)>0) -> TRUE
A58: 45431 | B58: 36.56 | C58: 38.29 | D58: 37.07 | E58: 36.99 | F58: 37.67 | G58: 0.475 | H58: 24 | I58: =AND(COUNTIF(CO!A:A,A58)>0,COUNTIF('NO2'!A:A,A58)>0,COUNTIF('PM10'!A:A,A58)>0,COUNTIF('PM2.5'!A:A,A58)>0,COUNTIF('SO2'!A:A,A58)>0,COUNTIF(Kendaraan!A:A,A58)>0) -> TRUE
A59: 45432 | B59: 37.33 | C59: 38.9 | D59: 38.15 | E59: 37.71 | F59: 38.35 | G59: 0.398 | H59: 24 | I59: =AND(COUNTIF(CO!A:A,A59)>0,COUNTIF('NO2'!A:A,A59)>0,COUNTIF('PM10'!A:A,A59)>0,COUNTIF('PM2.5'!A:A,A59)>0,COUNTIF('SO2'!A:A,A59)>0,COUNTIF(Kendaraan!A:A,A59)>0) -> TRUE
A60: 45433 | B60: 37.65 | C60: 38.5 | D60: 38.11 | E60: 37.78 | F60: 38.29 | G60: 0.275 | H60: 24 | I60: =AND(COUNTIF(CO!A:A,A60)>0,COUNTIF('NO2'!A:A,A60)>0,COUNTIF('PM10'!A:A,A60)>0,COUNTIF('PM2.5'!A:A,A60)>0,COUNTIF('SO2'!A:A,A60)>0,COUNTIF(Kendaraan!A:A,A60)>0) -> TRUE
A61: 45434 | B61: 38.61 | C61: 40.9 | D61: 39.38 | E61: 38.94 | F61: 40.47 | G61: 0.782 | H61: 18 | I61: =AND(COUNTIF(CO!A:A,A61)>0,COUNTIF('NO2'!A:A,A61)>0,COUNTIF('PM10'!A:A,A61)>0,COUNTIF('PM2.5'!A:A,A61)>0,COUNTIF('SO2'!A:A,A61)>0,COUNTIF(Kendaraan!A:A,A61)>0) -> TRUE
A62: 45435 | B62: 37.31 | C62: 40.67 | D62: 40.18 | E62: 38.46 | F62: 40.31 | G62: 1157 | H62: 18 | I62: =AND(COUNTIF(CO!A:A,A62)>0,COUNTIF('NO2'!A:A,A62)>0,COUNTIF('PM10'!A:A,A62)>0,COUNTIF('PM2.5'!A:A,A62)>0,COUNTIF('SO2'!A:A,A62)>0,COUNTIF(Kendaraan!A:A,A62)>0) -> TRUE
A63: 45446 | B63: 15.28 | C63: 176 | D63: 30.19 | E63: 19.35 | F63: 57.25 | G63: 40624 | H63: 17 | I63: =AND(COUNTIF(CO!A:A,A63)>0,COUNTIF('NO2'!A:A,A63)>0,COUNTIF('PM10'!A:A,A63)>0,COUNTIF('PM2.5'!A:A,A63)>0,COUNTIF('SO2'!A:A,A63)>0,COUNTIF(Kendaraan!A:A,A63)>0) -> TRUE
A64: 45447 | B64: 9.03 | C64: 17.14 | D64: 12.76 | E64: 11.84 | F64: 14.41 | G64: 2056 | H64: 24 | I64: =AND(COUNTIF(CO!A:A,A64)>0,COUNTIF('NO2'!A:A,A64)>0,COUNTIF('PM10'!A:A,A64)>0,COUNTIF('PM2.5'!A:A,A64)>0,COUNTIF('SO2'!A:A,A64)>0,COUNTIF(Kendaraan!A:A,A64)>0) -> TRUE
A65: 45448 | B65: 13.8 | C65: 20.48 | D65: 14.43 | E65: 13.87 | F65: 18.85 | G65: 2471 | H65: 23 | I65: =AND(COUNTIF(CO!A:A,A65)>0,COUNTIF('NO2'!A:A,A65)>0,COUNTIF('PM10'!A:A,A65)>0,COUNTIF('PM2.5'!A:A,A65)>0,COUNTIF('SO2'!A:A,A65)>0,COUNTIF(Kendaraan!A:A,A65)>0) -> TRUE
A66: 45449 | B66: 12.17 | C66: 14.04 | D66: 12.56 | E66: 12.33 | F66: 13.23 | G66: 0.631 | H66: 24 | I66: =AND(COUNTIF(CO!A:A,A66)>0,COUNTIF('NO2'!A:A,A66)>0,COUNTIF('PM10'!A:A,A66)>0,COUNTIF('PM2.5'!A:A,A66)>0,COUNTIF('SO2'!A:A,A66)>0,COUNTIF(Kendaraan!A:A,A66)>0) -> TRUE
A67: 45450 | B67: 12.23 | C67: 12.56 | D67: 12.39 | E67: 12.38 | F67: 12.46 | G67: 0.081 | H67: 24 | I67: =AND(COUNTIF(CO!A:A,A67)>0,COUNTIF('NO2'!A:A,A67)>0,COUNTIF('PM10'!A:A,A67)>0,COUNTIF('PM2.5'!A:A,A67)>0,COUNTIF('SO2'!A:A,A67)>0,COUNTIF(Kendaraan!A:A,A67)>0) -> TRUE
A68: 45451 | B68: 12.06 | C68: 12.4 | D68: 12.25 | E68: 12.16 | F68: 12.27 | G68: 0.086 | H68: 24 | I68: =AND(COUNTIF(CO!A:A,A68)>0,COUNTIF('NO2'!A:A,A68)>0,COUNTIF('PM10'!A:A,A68)>0,COUNTIF('PM2.5'!A:A,A68)>0,COUNTIF('SO2'!A:A,A68)>0,COUNTIF(Kendaraan!A:A,A68)>0) -> TRUE
A69: 45452 | B69: 12.33 | C69: 12.94 | D69: 12.66 | E69: 12.5 | F69: 12.92 | G69: 0.201 | H69: 24 | I69: =AND(COUNTIF(CO!A:A,A69)>0,COUNTIF('NO2'!A:A,A69)>0,COUNTIF('PM10'!A:A,A69)>0,COUNTIF('PM2.5'!A:A,A69)>0,COUNTIF('SO2'!A:A,A69)>0,COUNTIF(Kendaraan!A:A,A69)>0) -> TRUE
A70: 45453 | B70: 12.58 | C70: 12.98 | D70: 12.81 | E70: 12.65 | F70: 12.94 | G70: 0.14 | H70: 24 | I70: =AND(COUNTIF(CO!A:A,A70)>0,COUNTIF('NO2'!A:A,A70)>0,COUNTIF('PM10'!A:A,A70)>0,COUNTIF('PM2.5'!A:A,A70)>0,COUNTIF('SO2'!A:A,A70)>0,COUNTIF(Kendaraan!A:A,A70)>0) -> TRUE
A71: 45454 | B71: 12.65 | C71: 13.67 | D71: 13.26 | E71: 12.76 | F71: 13.55 | G71: 0.37 | H71: 24 | I71: =AND(COUNTIF(CO!A:A,A71)>0,COUNTIF('NO2'!A:A,A71)>0,COUNTIF('PM10'!A:A,A71)>0,COUNTIF('PM2.5'!A:A,A71)>0,COUNTIF('SO2'!A:A,A71)>0,COUNTIF(Kendaraan!A:A,A71)>0) -> TRUE
A72: 45455 | B72: 13.12 | C72: 13.69 | D72: 13.51 | E72: 13.28 | F72: 13.57 | G72: 0.173 | H72: 24 | I72: =AND(COUNTIF(CO!A:A,A72)>0,COUNTIF('NO2'!A:A,A72)>0,COUNTIF('PM10'!A:A,A72)>0,COUNTIF('PM2.5'!A:A,A72)>0,COUNTIF('SO2'!A:A,A72)>0,COUNTIF(Kendaraan!A:A,A72)>0) -> TRUE
A73: 45456 | B73: 12.81 | C73: 13.23 | D73: 13.17 | E73: 12.94 | F73: 13.19 | G73: 0.146 | H73: 24 | I73: =AND(COUNTIF(CO!A:A,A73)>0,COUNTIF('NO2'!A:A,A73)>0,COUNTIF('PM10'!A:A,A73)>0,COUNTIF('PM2.5'!A:A,A73)>0,COUNTIF('SO2'!A:A,A73)>0,COUNTIF(Kendaraan!A:A,A73)>0) -> TRUE
A74: 45457 | B74: 12.83 | C74: 13.44 | D74: 13.19 | E74: 12.9 | F74: 13.4 | G74: 0.232 | H74: 19 | I74: =AND(COUNTIF(CO!A:A,A74)>0,COUNTIF('NO2'!A:A,A74)>0,COUNTIF('PM10'!A:A,A74)>0,COUNTIF('PM2.5'!A:A,A74)>0,COUNTIF('SO2'!A:A,A74)>0,COUNTIF(Kendaraan!A:A,A74)>0) -> TRUE
A75: 45458 | B75: 12.67 | C75: 13.44 | D75: 13.04 | E75: 12.88 | F75: 13.23 | G75: 0.228 | H75: 23 | I75: =AND(COUNTIF(CO!A:A,A75)>0,COUNTIF('NO2'!A:A,A75)>0,COUNTIF('PM10'!A:A,A75)>0,COUNTIF('PM2.5'!A:A,A75)>0,COUNTIF('SO2'!A:A,A75)>0,COUNTIF(Kendaraan!A:A,A75)>0) -> TRUE
A76: 45459 | B76: 12.58 | C76: 13.35 | D76: 12.72 | E76: 12.64 | F76: 12.98 | G76: 0.233 | H76: 24 | I76: =AND(COUNTIF(CO!A:A,A76)>0,COUNTIF('NO2'!A:A,A76)>0,COUNTIF('PM10'!A:A,A76)>0,COUNTIF('PM2.5'!A:A,A76)>0,COUNTIF('SO2'!A:A,A76)>0,COUNTIF(Kendaraan!A:A,A76)>0) -> TRUE
A77: 45460 | B77: 13.4 | C77: 14.21 | D77: 13.77 | E77: 13.61 | F77: 13.83 | G77: 0.197 | H77: 24 | I77: =AND(COUNTIF(CO!A:A,A77)>0,COUNTIF('NO2'!A:A,A77)>0,COUNTIF('PM10'!A:A,A77)>0,COUNTIF('PM2.5'!A:A,A77)>0,COUNTIF('SO2'!A:A,A77)>0,COUNTIF(Kendaraan!A:A,A77)>0) -> TRUE
... A79: 45462 | B79: 14.88 | C79: 16.23 | D79: 15.73 | E79: 15.05 | F79: 16.03 | G79: 0.485 | H79: 24 | I79: =AND(COUNTIF(CO!A:A,A79)>0,COUNTIF('NO2'!A:A,A79)>0,COUNTIF('PM10'!A:A,A79)>0,COUNTIF('PM2.5'!A:A,A79)>0,COUNTIF('SO2'!A:A,A79)>0,COUNTIF(Kendaraan!A:A,A79)>0) -> TRUE
A80: 45463 | B80: 15.96 | C80: 16.42 | D80: 16.17 | E80: 16 | F80: 16.32 | G80: 0.168 | H80: 24 | I80: =AND(COUNTIF(CO!A:A,A80)>0,COUNTIF('NO2'!A:A,A80)>0,COUNTIF('PM10'!A:A,A80)>0,COUNTIF('PM2.5'!A:A,A80)>0,COUNTIF('SO2'!A:A,A80)>0,COUNTIF(Kendaraan!A:A,A80)>0) -> TRUE
A81: 45464 | B81: 15.96 | C81: 16.39 | D81: 16.09 | E81: 16.02 | F81: 16.29 | G81: 0.147 | H81: 24 | I81: =AND(COUNTIF(CO!A:A,A81)>0,COUNTIF('NO2'!A:A,A81)>0,COUNTIF('PM10'!A:A,A81)>0,COUNTIF('PM2.5'!A:A,A81)>0,COUNTIF('SO2'!A:A,A81)>0,COUNTIF(Kendaraan!A:A,A81)>0) -> TRUE
A82: 45465 | B82: 15.73 | C82: 16.42 | D82: 16 | E82: 15.87 | F82: 16.27 | G82: 0.23 | H82: 24 | I82: =AND(COUNTIF(CO!A:A,A82)>0,COUNTIF('NO2'!A:A,A82)>0,COUNTIF('PM10'!A:A,A82)>0,COUNTIF('PM2.5'!A:A,A82)>0,COUNTIF('SO2'!A:A,A82)>0,COUNTIF(Kendaraan!A:A,A82)>0) -> TRUE
A83: 45466 | B83: 15.75 | C83: 16.77 | D83: 16.16 | E83: 15.86 | F83: 16.59 | G83: 0.36 | H83: 24 | I83: =AND(COUNTIF(CO!A:A,A83)>0,COUNTIF('NO2'!A:A,A83)>0,COUNTIF('PM10'!A:A,A83)>0,COUNTIF('PM2.5'!A:A,A83)>0,COUNTIF('SO2'!A:A,A83)>0,COUNTIF(Kendaraan!A:A,A83)>0) -> TRUE
A84: 45467 | B84: 16.57 | C84: 17 | D84: 16.79 | E84: 16.71 | F84: 16.89 | G84: 0.117 | H84: 24 | I84: =AND(COUNTIF(CO!A:A,A84)>0,COUNTIF('NO2'!A:A,A84)>0,COUNTIF('PM10'!A:A,A84)>0,COUNTIF('PM2.5'!A:A,A84)>0,COUNTIF('SO2'!A:A,A84)>0,COUNTIF(Kendaraan!A:A,A84)>0) -> TRUE
A85: 45468 | B85: 15.73 | C85: 16.62 | D85: 16.02 | E85: 15.79 | F85: 16.34 | G85: 0.282 | H85: 24 | I85: =AND(COUNTIF(CO!A:A,A85)>0,COUNTIF('NO2'!A:A,A85)>0,COUNTIF('PM10'!A:A,A85)>0,COUNTIF('PM2.5'!A:A,A85)>0,COUNTIF('SO2'!A:A,A85)>0,COUNTIF(Kendaraan!A:A,A85)>0) -> TRUE
A86: 45469 | B86: 15.79 | C86: 16.71 | D86: 16.48 | E86: 15.97 | F86: 16.62 | G86: 0.315 | H86: 24 | I86: =AND(COUNTIF(CO!A:A,A86)>0,COUNTIF('NO2'!A:A,A86)>0,COUNTIF('PM10'!A:A,A86)>0,COUNTIF('PM2.5'!A:A,A86)>0,COUNTIF('SO2'!A:A,A86)>0,COUNTIF(Kendaraan!A:A,A86)>0) -> TRUE
A87: 45470 | B87: 16 | C87: 91.32 | D87: 29.68 | E87: 16.32 | F87: 64.25 | G87: 26023 | H87: 23 | I87: =AND(COUNTIF(CO!A:A,A87)>0,COUNTIF('NO2'!A:A,A87)>0,COUNTIF('PM10'!A:A,A87)>0,COUNTIF('PM2.5'!A:A,A87)>0,COUNTIF('SO2'!A:A,A87)>0,COUNTIF(Kendaraan!A:A,A87)>0) -> TRUE
A88: 45471 | B88: 96.91 | C88: 140.15 | D88: 135.97 | E88: 124.11 | F88: 138.38 | G88: 12.54 | H88: 23 | I88: =AND(COUNTIF(CO!A:A,A88)>0,COUNTIF('NO2'!A:A,A88)>0,COUNTIF('PM10'!A:A,A88)>0,COUNTIF('PM2.5'!A:A,A88)>0,COUNTIF('SO2'!A:A,A88)>0,COUNTIF(Kendaraan!A:A,A88)>0) -> TRUE
A89: 45472 | B89: 131.94 | C89: 141.65 | D89: 140.37 | E89: 136.66 | F89: 141.44 | G89: 3029 | H89: 24 | I89: =AND(COUNTIF(CO!A:A,A89)>0,COUNTIF('NO2'!A:A,A89)>0,COUNTIF('PM10'!A:A,A89)>0,COUNTIF('PM2.5'!A:A,A89)>0,COUNTIF('SO2'!A:A,A89)>0,COUNTIF(Kendaraan!A:A,A89)>0) -> TRUE
A90: 45473 | B90: 129.47 | C90: 132.15 | D90: 129.93 | E90: 129.66 | F90: 130.63 | G90: 0.736 | H90: 24 | I90: =AND(COUNTIF(CO!A:A,A90)>0,COUNTIF('NO2'!A:A,A90)>0,COUNTIF('PM10'!A:A,A90)>0,COUNTIF('PM2.5'!A:A,A90)>0,COUNTIF('SO2'!A:A,A90)>0,COUNTIF(Kendaraan!A:A,A90)>0) -> TRUE
A91: 45474 | B91: 132.16 | C91: 135.44 | D91: 132.82 | E91: 132.32 | F91: 134.34 | G91: 1.11 | H91: 24 | I91: =AND(COUNTIF(CO!A:A,A91)>0,COUNTIF('NO2'!A:A,A91)>0,COUNTIF('PM10'!A:A,A91)>0,COUNTIF('PM2.5'!A:A,A91)>0,COUNTIF('SO2'!A:A,A91)>0,COUNTIF(Kendaraan!A:A,A91)>0) -> TRUE
A92: 45475 | B92: 135.62 | C92: 137.44 | D92: 136.87 | E92: 136.27 | F92: 137.21 | G92: 0.555 | H92: 24 | I92: =AND(COUNTIF(CO!A:A,A92)>0,COUNTIF('NO2'!A:A,A92)>0,COUNTIF('PM10'!A:A,A92)>0,COUNTIF('PM2.5'!A:A,A92)>0,COUNTIF('SO2'!A:A,A92)>0,COUNTIF(Kendaraan!A:A,A92)>0) -> TRUE
A93: 45476 | B93: 134.27 | C93: 136.5 | D93: 135.04 | E93: 134.46 | F93: 135.21 | G93: 0.535 | H93: 23 | I93: =AND(COUNTIF(CO!A:A,A93)>0,COUNTIF('NO2'!A:A,A93)>0,COUNTIF('PM10'!A:A,A93)>0,COUNTIF('PM2.5'!A:A,A93)>0,COUNTIF('SO2'!A:A,A93)>0,COUNTIF(Kendaraan!A:A,A93)>0) -> TRUE
A94: 45477 | B94: 135.81 | C94: 139.27 | D94: 138.31 | E94: 137.82 | F94: 138.78 | G94: 0.789 | H94: 24 | I94: =AND(COUNTIF(CO!A:A,A94)>0,COUNTIF('NO2'!A:A,A94)>0,COUNTIF('PM10'!A:A,A94)>0,COUNTIF('PM2.5'!A:A,A94)>0,COUNTIF('SO2'!A:A,A94)>0,COUNTIF(Kendaraan!A:A,A94)>0) -> TRUE
A95: 45478 | B95: 133.19 | C95: 135.08 | D95: 133.88 | E95: 133.63 | F95: 134.25 | G95: 0.438 | H95: 24 | I95: =AND(COUNTIF(CO!A:A,A95)>0,COUNTIF('NO2'!A:A,A95)>0,COUNTIF('PM10'!A:A,A95)>0,COUNTIF('PM2.5'!A:A,A95)>0,COUNTIF('SO2'!A:A,A95)>0,COUNTIF(Kendaraan!A:A,A95)>0) -> TRUE
A96: 45479 | B96: 129.56 | C96: 134.5 | D96: 131.75 | E96: 130.07 | F96: 133.08 | G96: 1718 | H96: 24 | I96: =AND(COUNTIF(CO!A:A,A96)>0,COUNTIF('NO2'!A:A,A96)>0,COUNTIF('PM10'!A:A,A96)>0,COUNTIF('PM2.5'!A:A,A96)>0,COUNTIF('SO2'!A:A,A96)>0,COUNTIF(Kendaraan!A:A,A96)>0) -> TRUE
A97: 45480 | B97: 130.4 | C97: 132.56 | D97: 131.87 | E97: 131.66 | F97: 132.11 | G97: 0.564 | H97: 24 | I97: =AND(COUNTIF(CO!A:A,A97)>0,COUNTIF('NO2'!A:A,A97)>0,COUNTIF('PM10'!A:A,A97)>0,COUNTIF('PM2.5'!A:A,A97)>0,COUNTIF('SO2'!A:A,A97)>0,COUNTIF(Kendaraan!A:A,A97)>0) -> TRUE
A98: 45481 | B98: 131.04 | C98: 133.06 | D98: 132.49 | E98: 132.11 | F98: 132.63 | G98: 0.545 | H98: 24 | I98: =AND(COUNTIF(CO!A:A,A98)>0,COUNTIF('NO2'!A:A,A98)>0,COUNTIF('PM10'!A:A,A98)>0,COUNTIF('PM2.5'!A:A,A98)>0,COUNTIF('SO2'!A:A,A98)>0,COUNTIF(Kendaraan!A:A,A98)>0) -> TRUE
A99: 45482 | B99: 130.75 | C99: 133.19 | D99: 132.01 | E99: 131.75 | F99: 132.57 | G99: 0.581 | H99: 24 | I99: =AND(COUNTIF(CO!A:A,A99)>0,COUNTIF('NO2'!A:A,A99)>0,COUNTIF('PM10'!A:A,A99)>0,COUNTIF('PM2.5'!A:A,A99)>0,COUNTIF('SO2'!A:A,A99)>0,COUNTIF(Kendaraan!A:A,A99)>0) -> TRUE
A100: 45483 | B100: 125.23 | C100: 130.25 | D100: 127.71 | E100: 127 | F100: 128.91 | G100: 1398 | H100: 15 | I100: =AND(COUNTIF(CO!A:A,A100)>0,COUNTIF('NO2'!A:A,A100)>0,COUNTIF('PM10'!A:A,A100)>0,COUNTIF('PM2.5'!A:A,A100)>0,COUNTIF('SO2'!A:A,A100)>0,COUNTIF(Kendaraan!A:A,A100)>0) -> TRUE
A101: 45484 | B101: 46.94 | C101: 46.94 | D101: 46.94 | E101: 46.94 | F101: 46.94 | G101: 0 | H101: 1 | I101: =AND(COUNTIF(CO!A:A,A101)>0,COUNTIF('NO2'!A:A,A101)>0,COUNTIF('PM10'!A:A,A101)>0,COUNTIF('PM2.5'!A:A,A101)>0,COUNTIF('SO2'!A:A,A101)>0,COUNTIF(Kendaraan!A:A,A101)>0) -> TRUE
...

Sheet PM10
A1: date | B1: min | C1: max | D1: median | E1: q1 | F1: q3 | G1: stdev | H1: count | I1: cek
A2: 45337 | B2: 12 | C2: 18.73 | D2: 13.76 | E2: 12.45 | F2: 15.61 | G2: 2029 | H2: 24 | I2: =AND(COUNTIF(CO!A:A,A2)>0,COUNTIF('NO2'!A:A,A2)>0,COUNTIF('O3'!A:A,A2)>0,COUNTIF('PM2.5'!A:A,A2)>0,COUNTIF('SO2'!A:A,A2)>0,COUNTIF(Kendaraan!A:A,A2)>0) -> TRUE
A3: 45338 | B3: 5 | C3: 20.27 | D3: 15.49 | E3: 10.88 | F3: 18.16 | G3: 4522 | H3: 24 | I3: =AND(COUNTIF(CO!A:A,A3)>0,COUNTIF('NO2'!A:A,A3)>0,COUNTIF('O3'!A:A,A3)>0,COUNTIF('PM2.5'!A:A,A3)>0,COUNTIF('SO2'!A:A,A3)>0,COUNTIF(Kendaraan!A:A,A3)>0) -> TRUE
A4: 45342 | B4: 14.42 | C4: 17.73 | D4: 16.67 | E4: 15.27 | F4: 17.26 | G4: 1155 | H4: 24 | I4: =AND(COUNTIF(CO!A:A,A4)>0,COUNTIF('NO2'!A:A,A4)>0,COUNTIF('O3'!A:A,A4)>0,COUNTIF('PM2.5'!A:A,A4)>0,COUNTIF('SO2'!A:A,A4)>0,COUNTIF(Kendaraan!A:A,A4)>0) -> TRUE
A5: 45343 | B5: 4.38 | C5: 14.46 | D5: 11.09 | E5: 7.59 | F5: 14.15 | G5: 3383 | H5: 24 | I5: =AND(COUNTIF(CO!A:A,A5)>0,COUNTIF('NO2'!A:A,A5)>0,COUNTIF('O3'!A:A,A5)>0,COUNTIF('PM2.5'!A:A,A5)>0,COUNTIF('SO2'!A:A,A5)>0,COUNTIF(Kendaraan!A:A,A5)>0) -> TRUE
A6: 45344 | B6: 0.28 | C6: 3.79 | D6: 2.04 | E6: 0.88 | F6: 3.21 | G6: 1166 | H6: 7 | I6: =AND(COUNTIF(CO!A:A,A6)>0,COUNTIF('NO2'!A:A,A6)>0,COUNTIF('O3'!A:A,A6)>0,COUNTIF('PM2.5'!A:A,A6)>0,COUNTIF('SO2'!A:A,A6)>0,COUNTIF(Kendaraan!A:A,A6)>0) -> TRUE
A7: 45372 | B7: 17.5 | C7: 20.02 | D7: 19.5 | E7: 18.43 | F7: 19.79 | G7: 0.803 | H7: 9 | I7: =AND(COUNTIF(CO!A:A,A7)>0,COUNTIF('NO2'!A:A,A7)>0,COUNTIF('O3'!A:A,A7)>0,COUNTIF('PM2.5'!A:A,A7)>0,COUNTIF('SO2'!A:A,A7)>0,COUNTIF(Kendaraan!A:A,A7)>0) -> TRUE
A8: 45373 | B8: 29.6 | C8: 29.96 | D8: 29.73 | E8: 29.61 | F8: 29.9 | G8: 0.15 | H8: 4 | I8: =AND(COUNTIF(CO!A:A,A8)>0,COUNTIF('NO2'!A:A,A8)>0,COUNTIF('O3'!A:A,A8)>0,COUNTIF('PM2.5'!A:A,A8)>0,COUNTIF('SO2'!A:A,A8)>0,COUNTIF(Kendaraan!A:A,A8)>0) -> TRUE
A9: 45377 | B9: 19.3 | C9: 19.3 | D9: 19.3 | E9: 19.3 | F9: 19.3 | G9: 0 | H9: 1 | I9: =AND(COUNTIF(CO!A:A,A9)>0,COUNTIF('NO2'!A:A,A9)>0,COUNTIF('O3'!A:A,A9)>0,COUNTIF('PM2.5'!A:A,A9)>0,COUNTIF('SO2'!A:A,A9)>0,COUNTIF(Kendaraan!A:A,A9)>0) -> TRUE
A10: 45383 | B10: 10.77 | C10: 12.83 | D10: 11.58 | E10: 11.33 | F10: 12.57 | G10: 0.672 | H10: 21 | I10: =AND(COUNTIF(CO!A:A,A10)>0,COUNTIF('NO2'!A:A,A10)>0,COUNTIF('O3'!A:A,A10)>0,COUNTIF('PM2.5'!A:A,A10)>0,COUNTIF('SO2'!A:A,A10)>0,COUNTIF(Kendaraan!A:A,A10)>0) -> TRUE
A11: 45384 | B11: 12.04 | C11: 13.21 | D11: 12.55 | E11: 12.39 | F11: 13.02 | G11: 0.368 | H11: 24 | I11: =AND(COUNTIF(CO!A:A,A11)>0,COUNTIF('NO2'!A:A,A11)>0,COUNTIF('O3'!A:A,A11)>0,COUNTIF('PM2.5'!A:A,A11)>0,COUNTIF('SO2'!A:A,A11)>0,COUNTIF(Kendaraan!A:A,A11)>0) -> TRUE
A12: 45385 | B12: 13.17 | C12: 17.23 | D12: 16.45 | E12: 14.34 | F12: 17.02 | G12: 1306 | H12: 24 | I12: =AND(COUNTIF(CO!A:A,A12)>0,COUNTIF('NO2'!A:A,A12)>0,COUNTIF('O3'!A:A,A12)>0,COUNTIF('PM2.5'!A:A,A12)>0,COUNTIF('SO2'!A:A,A12)>0,COUNTIF(Kendaraan!A:A,A12)>0) -> TRUE
A13: 45386 | B13: 13.25 | C13: 16.3 | D13: 14 | E13: 13.52 | F13: 15.66 | G13: 1041 | H13: 24 | I13: =AND(COUNTIF(CO!A:A,A13)>0,COUNTIF('NO2'!A:A,A13)>0,COUNTIF('O3'!A:A,A13)>0,COUNTIF('PM2.5'!A:A,A13)>0,COUNTIF('SO2'!A:A,A13)>0,COUNTIF(Kendaraan!A:A,A13)>0) -> TRUE
A14: 45387 | B14: 12.17 | C14: 15.54 | D14: 13.08 | E14: 12.54 | F14: 14.54 | G14: 1129 | H14: 23 | I14: =AND(COUNTIF(CO!A:A,A14)>0,COUNTIF('NO2'!A:A,A14)>0,COUNTIF('O3'!A:A,A14)>0,COUNTIF('PM2.5'!A:A,A14)>0,COUNTIF('SO2'!A:A,A14)>0,COUNTIF(Kendaraan!A:A,A14)>0) -> TRUE
A15: 45388 | B15: 13.88 | C15: 16.75 | D15: 15.4 | E15: 15.04 | F15: 16.3 | G15: 0.824 | H15: 24 | I15: =AND(COUNTIF(CO!A:A,A15)>0,COUNTIF('NO2'!A:A,A15)>0,COUNTIF('O3'!A:A,A15)>0,COUNTIF('PM2.5'!A:A,A15)>0,COUNTIF('SO2'!A:A,A15)>0,COUNTIF(Kendaraan!A:A,A15)>0) -> TRUE
A16: 45389 | B16: 17.57 | C16: 23.21 | D16: 20.3 | E16: 19.01 | F16: 21.49 | G16: 1519 | H16: 24 | I16: =AND(COUNTIF(CO!A:A,A16)>0,COUNTIF('NO2'!A:A,A16)>0,COUNTIF('O3'!A:A,A16)>0,COUNTIF('PM2.5'!A:A,A16)>0,COUNTIF('SO2'!A:A,A16)>0,COUNTIF(Kendaraan!A:A,A16)>0) -> TRUE
A17: 45390 | B17: 14.98 | C17: 21.21 | D17: 19.64 | E17: 17.84 | F17: 19.92 | G17: 1784 | H17: 24 | I17: =AND(COUNTIF(CO!A:A,A17)>0,COUNTIF('NO2'!A:A,A17)>0,COUNTIF('O3'!A:A,A17)>0,COUNTIF('PM2.5'!A:A,A17)>0,COUNTIF('SO2'!A:A,A17)>0,COUNTIF(Kendaraan!A:A,A17)>0) -> TRUE
A18: 45391 | B18: 16.19 | C18: 17.82 | D18: 17.44 | E18: 16.95 | F18: 17.69 | G18: 0.472 | H18: 24 | I18: =AND(COUNTIF(CO!A:A,A18)>0,COUNTIF('NO2'!A:A,A18)>0,COUNTIF('O3'!A:A,A18)>0,COUNTIF('PM2.5'!A:A,A18)>0,COUNTIF('SO2'!A:A,A18)>0,COUNTIF(Kendaraan!A:A,A18)>0) -> TRUE
A19: 45392 | B19: 9.78 | C19: 16.73 | D19: 13.62 | E19: 10.08 | F19: 14.94 | G19: 2441 | H19: 24 | I19: =AND(COUNTIF(CO!A:A,A19)>0,COUNTIF('NO2'!A:A,A19)>0,COUNTIF('O3'!A:A,A19)>0,COUNTIF('PM2.5'!A:A,A19)>0,COUNTIF('SO2'!A:A,A19)>0,COUNTIF(Kendaraan!A:A,A19)>0) -> TRUE
A20: 45393 | B20: 9.69 | C20: 10.6 | D20: 10.05 | E20: 9.94 | F20: 10.28 | G20: 0.233 | H20: 24 | I20: =AND(COUNTIF(CO!A:A,A20)>0,COUNTIF('NO2'!A:A,A20)>0,COUNTIF('O3'!A:A,A20)>0,COUNTIF('PM2.5'!A:A,A20)>0,COUNTIF('SO2'!A:A,A20)>0,COUNTIF(Kendaraan!A:A,A20)>0) -> TRUE
A21: 45394 | B21: 10.67 | C21: 16.73 | D21: 11.39 | E21: 10.8 | F21: 15.12 | G21: 2251 | H21: 24 | I21: =AND(COUNTIF(CO!A:A,A21)>0,COUNTIF('NO2'!A:A,A21)>0,COUNTIF('O3'!A:A,A21)>0,COUNTIF('PM2.5'!A:A,A21)>0,COUNTIF('SO2'!A:A,A21)>0,COUNTIF(Kendaraan!A:A,A21)>0) -> TRUE
A22: 45395 | B22: 15.4 | C22: 18.1 | D22: 17.22 | E22: 16.23 | F22: 17.48 | G22: 0.767 | H22: 24 | I22: =AND(COUNTIF(CO!A:A,A22)>0,COUNTIF('NO2'!A:A,A22)>0,COUNTIF('O3'!A:A,A22)>0,COUNTIF('PM2.5'!A:A,A22)>0,COUNTIF('SO2'!A:A,A22)>0,COUNTIF(Kendaraan!A:A,A22)>0) -> TRUE
A23: 45396 | B23: 15.48 | C23: 17.67 | D23: 17.39 | E23: 17.13 | F23: 17.47 | G23: 0.508 | H23: 24 | I23: =AND(COUNTIF(CO!A:A,A23)>0,COUNTIF('NO2'!A:A,A23)>0,COUNTIF('O3'!A:A,A23)>0,COUNTIF('PM2.5'!A:A,A23)>0,COUNTIF('SO2'!A:A,A23)>0,COUNTIF(Kendaraan!A:A,A23)>0) -> TRUE
A24: 45397 | B24: 17 | C24: 20.79 | D24: 18.45 | E24: 17.2 | F24: 19.98 | G24: 1408 | H24: 24 | I24: =AND(COUNTIF(CO!A:A,A24)>0,COUNTIF('NO2'!A:A,A24)>0,COUNTIF('O3'!A:A,A24)>0,COUNTIF('PM2.5'!A:A,A24)>0,COUNTIF('SO2'!A:A,A24)>0,COUNTIF(Kendaraan!A:A,A24)>0) -> TRUE
A25: 45398 | B25: 17.14 | C25: 20.9 | D25: 19.44 | E25: 18.57 | F25: 19.95 | G25: 0.966 | H25: 24 | I25: =AND(COUNTIF(CO!A:A,A25)>0,COUNTIF('NO2'!A:A,A25)>0,COUNTIF('O3'!A:A,A25)>0,COUNTIF('PM2.5'!A:A,A25)>0,COUNTIF('SO2'!A:A,A25)>0,COUNTIF(Kendaraan!A:A,A25)>0) -> TRUE
A26: 45399 | B26: 11.71 | C26: 16.8 | D26: 13.72 | E26: 12.59 | F26: 15.17 | G26: 1518 | H26: 24 | I26: =AND(COUNTIF(CO!A:A,A26)>0,COUNTIF('NO2'!A:A,A26)>0,COUNTIF('O3'!A:A,A26)>0,COUNTIF('PM2.5'!A:A,A26)>0,COUNTIF('SO2'!A:A,A26)>0,COUNTIF(Kendaraan!A:A,A26)>0) -> TRUE
A27: 45400 | B27: 14.1 | C27: 18.02 | D27: 16.42 | E27: 16.05 | F27: 17.1 | G27: 1071 | H27: 24 | I27: =AND(COUNTIF(CO!A:A,A27)>0,COUNTIF('NO2'!A:A,A27)>0,COUNTIF('O3'!A:A,A27)>0,COUNTIF('PM2.5'!A:A,A27)>0,COUNTIF('SO2'!A:A,A27)>0,COUNTIF(Kendaraan!A:A,A27)>0) -> TRUE
A28: 45401 | B28: 9.96 | C28: 14.38 | D28: 11.97 | E28: 10.42 | F28: 12.99 | G28: 1489 | H28: 24 | I28: =AND(COUNTIF(CO!A:A,A28)>0,COUNTIF('NO2'!A:A,A28)>0,COUNTIF('O3'!A:A,A28)>0,COUNTIF('PM2.5'!A:A,A28)>0,COUNTIF('SO2'!A:A,A28)>0,COUNTIF(Kendaraan!A:A,A28)>0) -> TRUE
A29: 45402 | B29: 10.75 | C29: 19.85 | D29: 16 | E29: 12.71 | F29: 18.1 | G29: 2851 | H29: 24 | I29: =AND(COUNTIF(CO!A:A,A29)>0,COUNTIF('NO2'!A:A,A29)>0,COUNTIF('O3'!A:A,A29)>0,COUNTIF('PM2.5'!A:A,A29)>0,COUNTIF('SO2'!A:A,A29)>0,COUNTIF(Kendaraan!A:A,A29)>0) -> TRUE
A30: 45403 | B30: 17.94 | C30: 22.6 | D30: 19.93 | E30: 19.1 | F30: 22.11 | G30: 1529 | H30: 24 | I30: =AND(COUNTIF(CO!A:A,A30)>0,COUNTIF('NO2'!A:A,A30)>0,COUNTIF('O3'!A:A,A30)>0,COUNTIF('PM2.5'!A:A,A30)>0,COUNTIF('SO2'!A:A,A30)>0,COUNTIF(Kendaraan!A:A,A30)>0) -> TRUE
A31: 45404 | B31: 12.15 | C31: 17.64 | D31: 13.23 | E31: 12.91 | F31: 13.57 | G31: 1484 | H31: 24 | I31: =AND(COUNTIF(CO!A:A,A31)>0,COUNTIF('NO2'!A:A,A31)>0,COUNTIF('O3'!A:A,A31)>0,COUNTIF('PM2.5'!A:A,A31)>0,COUNTIF('SO2'!A:A,A31)>0,COUNTIF(Kendaraan!A:A,A31)>0) -> TRUE
A32: 45405 | B32: 13.06 | C32: 21.21 | D32: 14.79 | E32: 14.17 | F32: 16.04 | G32: 2032 | H32: 24 | I32: =AND(COUNTIF(CO!A:A,A32)>0,COUNTIF('NO2'!A:A,A32)>0,COUNTIF('O3'!A:A,A32)>0,COUNTIF('PM2.5'!A:A,A32)>0,COUNTIF('SO2'!A:A,A32)>0,COUNTIF(Kendaraan!A:A,A32)>0) -> TRUE
A33: 45406 | B33: 22.52 | C33: 31.98 | D33: 29.46 | E33: 28.14 | F33: 30.83 | G33: 2325 | H33: 24 | I33: =AND(COUNTIF(CO!A:A,A33)>0,COUNTIF('NO2'!A:A,A33)>0,COUNTIF('O3'!A:A,A33)>0,COUNTIF('PM2.5'!A:A,A33)>0,COUNTIF('SO2'!A:A,A33)>0,COUNTIF(Kendaraan!A:A,A33)>0) -> TRUE
A34: 45407 | B34: 24.96 | C34: 28.58 | D34: 27.47 | E34: 27.16 | F34: 27.93 | G34: 0.762 | H34: 24 | I34: =AND(COUNTIF(CO!A:A,A34)>0,COUNTIF('NO2'!A:A,A34)>0,COUNTIF('O3'!A:A,A34)>0,COUNTIF('PM2.5'!A:A,A34)>0,COUNTIF('SO2'!A:A,A34)>0,COUNTIF(Kendaraan!A:A,A34)>0) -> TRUE
A35: 45408 | B35: 20.02 | C35: 24.31 | D35: 21.1 | E35: 20.43 | F35: 22.07 | G35: 1219 | H35: 24 | I35: =AND(COUNTIF(CO!A:A,A35)>0,COUNTIF('NO2'!A:A,A35)>0,COUNTIF('O3'!A:A,A35)>0,COUNTIF('PM2.5'!A:A,A35)>0,COUNTIF('SO2'!A:A,A35)>0,COUNTIF(Kendaraan!A:A,A35)>0) -> TRUE
A36: 45409 | B36: 15.9 | C36: 25.42 | D36: 17.67 | E36: 17.36 | F36: 20.29 | G36: 2401 | H36: 24 | I36: =AND(COUNTIF(CO!A:A,A36)>0,COUNTIF('NO2'!A:A,A36)>0,COUNTIF('O3'!A:A,A36)>0,COUNTIF('PM2.5'!A:A,A36)>0,COUNTIF('SO2'!A:A,A36)>0,COUNTIF(Kendaraan!A:A,A36)>0) -> TRUE
A37: 45410 | B37: 26.46 | C37: 32.08 | D37: 29.48 | E37: 28.04 | F37: 30.73 | G37: 1.61 | H37: 24 | I37: =AND(COUNTIF(CO!A:A,A37)>0,COUNTIF('NO2'!A:A,A37)>0,COUNTIF('O3'!A:A,A37)>0,COUNTIF('PM2.5'!A:A,A37)>0,COUNTIF('SO2'!A:A,A37)>0,COUNTIF(Kendaraan!A:A,A37)>0) -> TRUE
A38: 45411 | B38: 24.31 | C38: 28.62 | D38: 26.41 | E38: 25.89 | F38: 27.99 | G38: 1308 | H38: 24 | I38: =AND(COUNTIF(CO!A:A,A38)>0,COUNTIF('NO2'!A:A,A38)>0,COUNTIF('O3'!A:A,A38)>0,COUNTIF('PM2.5'!A:A,A38)>0,COUNTIF('SO2'!A:A,A38)>0,COUNTIF(Kendaraan!A:A,A38)>0) -> TRUE
A39: 45412 | B39: 28.44 | C39: 32.9 | D39: 31.45 | E39: 29.35 | F39: 32.45 | G39: 1605 | H39: 24 | I39: =AND(COUNTIF(CO!A:A,A39)>0,COUNTIF('NO2'!A:A,A39)>0,COUNTIF('O3'!A:A,A39)>0,COUNTIF('PM2.5'!A:A,A39)>0,COUNTIF('SO2'!A:A,A39)>0,COUNTIF(Kendaraan!A:A,A39)>0) -> TRUE
A40: 45413 | B40: 26.81 | C40: 34 | D40: 30.47 | E40: 28.02 | F40: 33.25 | G40: 2505 | H40: 24 | I40: =AND(COUNTIF(CO!A:A,A40)>0,COUNTIF('NO2'!A:A,A40)>0,COUNTIF('O3'!A:A,A40)>0,COUNTIF('PM2.5'!A:A,A40)>0,COUNTIF('SO2'!A:A,A40)>0,COUNTIF(Kendaraan!A:A,A40)>0) -> TRUE
A41: 45414 | B41: 22.69 | C41: 26.5 | D41: 24.37 | E41: 23.35 | F41: 24.78 | G41: 0.964 | H41: 24 | I41: =AND(COUNTIF(CO!A:A,A41)>0,COUNTIF('NO2'!A:A,A41)>0,COUNTIF('O3'!A:A,A41)>0,COUNTIF('PM2.5'!A:A,A41)>0,COUNTIF('SO2'!A:A,A41)>0,COUNTIF(Kendaraan!A:A,A41)>0) -> TRUE
A42: 45415 | B42: 19.75 | C42: 24 | D42: 22.06 | E42: 20.75 | F42: 22.95 | G42: 1346 | H42: 24 | I42: =AND(COUNTIF(CO!A:A,A42)>0,COUNTIF('NO2'!A:A,A42)>0,COUNTIF('O3'!A:A,A42)>0,COUNTIF('PM2.5'!A:A,A42)>0,COUNTIF('SO2'!A:A,A42)>0,COUNTIF(Kendaraan!A:A,A42)>0) -> TRUE
A43: 45416 | B43: 19.79 | C43: 24.04 | D43: 22.9 | E43: 21.3 | F43: 23.77 | G43: 1435 | H43: 16 | I43: =AND(COUNTIF(CO!A:A,A43)>0,COUNTIF('NO2'!A:A,A43)>0,COUNTIF('O3'!A:A,A43)>0,COUNTIF('PM2.5'!A:A,A43)>0,COUNTIF('SO2'!A:A,A43)>0,COUNTIF(Kendaraan!A:A,A43)>0) -> TRUE
A44: 45417 | B44: 16.75 | C44: 18.79 | D44: 17.98 | E44: 17.39 | F44: 18.52 | G44: 0.695 | H44: 20 | I44: =AND(COUNTIF(CO!A:A,A44)>0,COUNTIF('NO2'!A:A,A44)>0,COUNTIF('O3'!A:A,A44)>0,COUNTIF('PM2.5'!A:A,A44)>0,COUNTIF('SO2'!A:A,A44)>0,COUNTIF(Kendaraan!A:A,A44)>0) -> TRUE
A45: 45418 | B45: 14.92 | C45: 20.56 | D45: 16.67 | E45: 15.8 | F45: 17.94 | G45: 1542 | H45: 24 | I45: =AND(COUNTIF(CO!A:A,A45)>0,COUNTIF('NO2'!A:A,A45)>0,COUNTIF('O3'!A:A,A45)>0,COUNTIF('PM2.5'!A:A,A45)>0,COUNTIF('SO2'!A:A,A45)>0,COUNTIF(Kendaraan!A:A,A45)>0) -> TRUE
A46: 45419 | B46: 15.06 | C46: 23.31 | D46: 21.15 | E46: 16.75 | F46: 22.66 | G46: 3.02 | H46: 24 | I46: =AND(COUNTIF(CO!A:A,A46)>0,COUNTIF('NO2'!A:A,A46)>0,COUNTIF('O3'!A:A,A46)>0,COUNTIF('PM2.5'!A:A,A46)>0,COUNTIF('SO2'!A:A,A46)>0,COUNTIF(Kendaraan!A:A,A46)>0) -> TRUE
A47: 45420 | B47: 14.58 | C47: 25.21 | D47: 19.59 | E47: 15.26 | F47: 22.1 | G47: 3615 | H47: 24 | I47: =AND(COUNTIF(CO!A:A,A47)>0,COUNTIF('NO2'!A:A,A47)>0,COUNTIF('O3'!A:A,A47)>0,COUNTIF('PM2.5'!A:A,A47)>0,COUNTIF('SO2'!A:A,A47)>0,COUNTIF(Kendaraan!A:A,A47)>0) -> TRUE
A48: 45421 | B48: 25.96 | C48: 38.08 | D48: 31.54 | E48: 30.62 | F48: 36.06 | G48: 3454 | H48: 24 | I48: =AND(COUNTIF(CO!A:A,A48)>0,COUNTIF('NO2'!A:A,A48)>0,COUNTIF('O3'!A:A,A48)>0,COUNTIF('PM2.5'!A:A,A48)>0,COUNTIF('SO2'!A:A,A48)>0,COUNTIF(Kendaraan!A:A,A48)>0) -> TRUE
A49: 45422 | B49: 34.67 | C49: 39.15 | D49: 37.38 | E49: 36.14 | F49: 38.1 | G49: 1201 | H49: 24 | I49: =AND(COUNTIF(CO!A:A,A49)>0,COUNTIF('NO2'!A:A,A49)>0,COUNTIF('O3'!A:A,A49)>0,COUNTIF('PM2.5'!A:A,A49)>0,COUNTIF('SO2'!A:A,A49)>0,COUNTIF(Kendaraan!A:A,A49)>0) -> TRUE
A50: 45423 | B50: 35.71 | C50: 39.52 | D50: 36.45 | E50: 36.26 | F50: 38.94 | G50: 1296 | H50: 24 | I50: =AND(COUNTIF(CO!A:A,A50)>0,COUNTIF('NO2'!A:A,A50)>0,COUNTIF('O3'!A:A,A50)>0,COUNTIF('PM2.5'!A:A,A50)>0,COUNTIF('SO2'!A:A,A50)>0,COUNTIF(Kendaraan!A:A,A50)>0) -> TRUE
A51: 45424 | B51: 33.27 | C51: 39.92 | D51: 36.2 | E51: 34.95 | F51: 38.1 | G51: 2015 | H51: 24 | I51: =AND(COUNTIF(CO!A:A,A51)>0,COUNTIF('NO2'!A:A,A51)>0,COUNTIF('O3'!A:A,A51)>0,COUNTIF('PM2.5'!A:A,A51)>0,COUNTIF('SO2'!A:A,A51)>0,COUNTIF(Kendaraan!A:A,A51)>0) -> TRUE
A52: 45425 | B52: 34.88 | C52: 43.04 | D52: 39.64 | E52: 36.9 | F52: 41.85 | G52: 2724 | H52: 24 | I52: =AND(COUNTIF(CO!A:A,A52)>0,COUNTIF('NO2'!A:A,A52)>0,COUNTIF('O3'!A:A,A52)>0,COUNTIF('PM2.5'!A:A,A52)>0,COUNTIF('SO2'!A:A,A52)>0,COUNTIF(Kendaraan!A:A,A52)>0) -> TRUE
A53: 45426 | B53: 31.73 | C53: 36.29 | D53: 34.89 | E53: 33.75 | F53: 35.27 | G53: 1212 | H53: 24 | I53: =AND(COUNTIF(CO!A:A,A53)>0,COUNTIF('NO2'!A:A,A53)>0,COUNTIF('O3'!A:A,A53)>0,COUNTIF('PM2.5'!A:A,A53)>0,COUNTIF('SO2'!A:A,A53)>0,COUNTIF(Kendaraan!A:A,A53)>0) -> TRUE
A54: 45427 | B54: 34.44 | C54: 46.46 | D54: 39.64 | E54: 35.14 | F54: 43.28 | G54: 4083 | H54: 24 | I54: =AND(COUNTIF(CO!A:A,A54)>0,COUNTIF('NO2'!A:A,A54)>0,COUNTIF('O3'!A:A,A54)>0,COUNTIF('PM2.5'!A:A,A54)>0,COUNTIF('SO2'!A:A,A54)>0,COUNTIF(Kendaraan!A:A,A54)>0) -> TRUE
A55: 45428 | B55: 32.04 | C55: 47.19 | D55: 38.9 | E55: 34.04 | F55: 46.32 | G55: 5719 | H55: 24 | I55: =AND(COUNTIF(CO!A:A,A55)>0,COUNTIF('NO2'!A:A,A55)>0,COUNTIF('O3'!A:A,A55)>0,COUNTIF('PM2.5'!A:A,A55)>0,COUNTIF('SO2'!A:A,A55)>0,COUNTIF(Kendaraan!A:A,A55)>0) -> TRUE
A56: 45429 | B56: 27.17 | C56: 31.9 | D56: 29.04 | E56: 28.2 | F56: 29.67 | G56: 1.34 | H56: 24 | I56: =AND(COUNTIF(CO!A:A,A56)>0,COUNTIF('NO2'!A:A,A56)>0,COUNTIF('O3'!A:A,A56)>0,COUNTIF('PM2.5'!A:A,A56)>0,COUNTIF('SO2'!A:A,A56)>0,COUNTIF(Kendaraan!A:A,A56)>0) -> TRUE
A57: 45430 | B57: 23.6 | C57: 30.62 | D57: 28.77 | E57: 25.42 | F57: 30.22 | G57: 2378 | H57: 24 | I57: =AND(COUNTIF(CO!A:A,A57)>0,COUNTIF('NO2'!A:A,A57)>0,COUNTIF('O3'!A:A,A57)>0,COUNTIF('PM2.5'!A:A,A57)>0,COUNTIF('SO2'!A:A,A57)>0,COUNTIF(Kendaraan!A:A,A57)>0) -> TRUE
A58: 45431 | B58: 19.39 | C58: 23.56 | D58: 19.88 | E58: 19.72 | F58: 20.76 | G58: 1178 | H58: 24 | I58: =AND(COUNTIF(CO!A:A,A58)>0,COUNTIF('NO2'!A:A,A58)>0,COUNTIF('O3'!A:A,A58)>0,COUNTIF('PM2.5'!A:A,A58)>0,COUNTIF('SO2'!A:A,A58)>0,COUNTIF(Kendaraan!A:A,A58)>0) -> TRUE
A59: 45432 | B59: 19.98 | C59: 25.46 | D59: 23.11 | E59: 20.6 | F59: 24.24 | G59: 1805 | H59: 24 | I59: =AND(COUNTIF(CO!A:A,A59)>0,COUNTIF('NO2'!A:A,A59)>0,COUNTIF('O3'!A:A,A59)>0,COUNTIF('PM2.5'!A:A,A59)>0,COUNTIF('SO2'!A:A,A59)>0,COUNTIF(Kendaraan!A:A,A59)>0) -> TRUE
A60: 45433 | B60: 25.69 | C60: 32.29 | D60: 28.95 | E60: 27.77 | F60: 31.68 | G60: 2157 | H60: 24 | I60: =AND(COUNTIF(CO!A:A,A60)>0,COUNTIF('NO2'!A:A,A60)>0,COUNTIF('O3'!A:A,A60)>0,COUNTIF('PM2.5'!A:A,A60)>0,COUNTIF('SO2'!A:A,A60)>0,COUNTIF(Kendaraan!A:A,A60)>0) -> TRUE
A61: 45434 | B61: 30.42 | C61: 37.4 | D61: 33.36 | E61: 31.04 | F61: 36.56 | G61: 2534 | H61: 18 | I61: =AND(COUNTIF(CO!A:A,A61)>0,COUNTIF('NO2'!A:A,A61)>0,COUNTIF('O3'!A:A,A61)>0,COUNTIF('PM2.5'!A:A,A61)>0,COUNTIF('SO2'!A:A,A61)>0,COUNTIF(Kendaraan!A:A,A61)>0) -> TRUE
A62: 45435 | B62: 35.46 | C62: 40.08 | D62: 38.63 | E62: 37.61 | F62: 39.6 | G62: 1243 | H62: 18 | I62: =AND(COUNTIF(CO!A:A,A62)>0,COUNTIF('NO2'!A:A,A62)>0,COUNTIF('O3'!A:A,A62)>0,COUNTIF('PM2.5'!A:A,A62)>0,COUNTIF('SO2'!A:A,A62)>0,COUNTIF(Kendaraan!A:A,A62)>0) -> TRUE
A63: 45446 | B63: 14.34 | C63: 27.08 | D63: 17.63 | E63: 14.75 | F63: 21.98 | G63: 4216 | H63: 24 | I63: =AND(COUNTIF(CO!A:A,A63)>0,COUNTIF('NO2'!A:A,A63)>0,COUNTIF('O3'!A:A,A63)>0,COUNTIF('PM2.5'!A:A,A63)>0,COUNTIF('SO2'!A:A,A63)>0,COUNTIF(Kendaraan!A:A,A63)>0) -> TRUE
A64: 45447 | B64: 14.4 | C64: 30.74 | D64: 26.44 | E64: 24.84 | F64: 28.57 | G64: 5346 | H64: 24 | I64: =AND(COUNTIF(CO!A:A,A64)>0,COUNTIF('NO2'!A:A,A64)>0,COUNTIF('O3'!A:A,A64)>0,COUNTIF('PM2.5'!A:A,A64)>0,COUNTIF('SO2'!A:A,A64)>0,COUNTIF(Kendaraan!A:A,A64)>0) -> TRUE
A65: 45448 | B65: 17.82 | C65: 31.91 | D65: 23.3 | E65: 19.61 | F65: 24.07 | G65: 4656 | H65: 23 | I65: =AND(COUNTIF(CO!A:A,A65)>0,COUNTIF('NO2'!A:A,A65)>0,COUNTIF('O3'!A:A,A65)>0,COUNTIF('PM2.5'!A:A,A65)>0,COUNTIF('SO2'!A:A,A65)>0,COUNTIF(Kendaraan!A:A,A65)>0) -> TRUE
A66: 45449 | B66: 17.48 | C66: 27.65 | D66: 20.07 | E66: 18.37 | F66: 24 | G66: 3343 | H66: 24 | I66: =AND(COUNTIF(CO!A:A,A66)>0,COUNTIF('NO2'!A:A,A66)>0,COUNTIF('O3'!A:A,A66)>0,COUNTIF('PM2.5'!A:A,A66)>0,COUNTIF('SO2'!A:A,A66)>0,COUNTIF(Kendaraan!A:A,A66)>0) -> TRUE
A67: 45450 | B67: 24.33 | C67: 29.85 | D67: 27.96 | E67: 25.95 | F67: 29.11 | G67: 1768 | H67: 24 | I67: =AND(COUNTIF(CO!A:A,A67)>0,COUNTIF('NO2'!A:A,A67)>0,COUNTIF('O3'!A:A,A67)>0,COUNTIF('PM2.5'!A:A,A67)>0,COUNTIF('SO2'!A:A,A67)>0,COUNTIF(Kendaraan!A:A,A67)>0) -> TRUE
A68: 45451 | B68: 24.04 | C68: 28.73 | D68: 26.29 | E68: 24.19 | F68: 28.51 | G68: 1944 | H68: 24 | I68: =AND(COUNTIF(CO!A:A,A68)>0,COUNTIF('NO2'!A:A,A68)>0,COUNTIF('O3'!A:A,A68)>0,COUNTIF('PM2.5'!A:A,A68)>0,COUNTIF('SO2'!A:A,A68)>0,COUNTIF(Kendaraan!A:A,A68)>0) -> TRUE
A69: 45452 | B69: 28.23 | C69: 30.94 | D69: 29.97 | E69: 28.93 | F69: 30.44 | G69: 0.836 | H69: 24 | I69: =AND(COUNTIF(CO!A:A,A69)>0,COUNTIF('NO2'!A:A,A69)>0,COUNTIF('O3'!A:A,A69)>0,COUNTIF('PM2.5'!A:A,A69)>0,COUNTIF('SO2'!A:A,A69)>0,COUNTIF(Kendaraan!A:A,A69)>0) -> TRUE
A70: 45453 | B70: 25.96 | C70: 29.33 | D70: 27.22 | E70: 26.55 | F70: 28.34 | G70: 1056 | H70: 24 | I70: =AND(COUNTIF(CO!A:A,A70)>0,COUNTIF('NO2'!A:A,A70)>0,COUNTIF('O3'!A:A,A70)>0,COUNTIF('PM2.5'!A:A,A70)>0,COUNTIF('SO2'!A:A,A70)>0,COUNTIF(Kendaraan!A:A,A70)>0) -> TRUE
A71: 45454 | B71: 26.31 | C71: 30.02 | D71: 28.96 | E71: 28.08 | F71: 29.32 | G71: 0.995 | H71: 24 | I71: =AND(COUNTIF(CO!A:A,A71)>0,COUNTIF('NO2'!A:A,A71)>0,COUNTIF('O3'!A:A,A71)>0,COUNTIF('PM2.5'!A:A,A71)>0,COUNTIF('SO2'!A:A,A71)>0,COUNTIF(Kendaraan!A:A,A71)>0) -> TRUE
A72: 45455 | B72: 26.94 | C72: 31.9 | D72: 29.45 | E72: 28.13 | F72: 30.28 | G72: 1467 | H72: 24 | I72: =AND(COUNTIF(CO!A:A,A72)>0,COUNTIF('NO2'!A:A,A72)>0,COUNTIF('O3'!A:A,A72)>0,COUNTIF('PM2.5'!A:A,A72)>0,COUNTIF('SO2'!A:A,A72)>0,COUNTIF(Kendaraan!A:A,A72)>0) -> TRUE
A73: 45456 | B73: 24.08 | C73: 34.46 | D73: 27.99 | E73: 25.28 | F73: 30.96 | G73: 3254 | H73: 24 | I73: =AND(COUNTIF(CO!A:A,A73)>0,COUNTIF('NO2'!A:A,A73)>0,COUNTIF('O3'!A:A,A73)>0,COUNTIF('PM2.5'!A:A,A73)>0,COUNTIF('SO2'!A:A,A73)>0,COUNTIF(Kendaraan!A:A,A73)>0) -> TRUE
A74: 45457 | B74: 32.9 | C74: 40.96 | D74: 37.97 | E74: 35.08 | F74: 40.19 | G74: 2.63 | H74: 19 | I74: =AND(COUNTIF(CO!A:A,A74)>0,COUNTIF('NO2'!A:A,A74)>0,COUNTIF('O3'!A:A,A74)>0,COUNTIF('PM2.5'!A:A,A74)>0,COUNTIF('SO2'!A:A,A74)>0,COUNTIF(Kendaraan!A:A,A74)>0) -> TRUE
A75: 45458 | B75: 28.79 | C75: 38.67 | D75: 34.19 | E75: 31.79 | F75: 34.6 | G75: 2412 | H75: 23 | I75: =AND(COUNTIF(CO!A:A,A75)>0,COUNTIF('NO2'!A:A,A75)>0,COUNTIF('O3'!A:A,A75)>0,COUNTIF('PM2.5'!A:A,A75)>0,COUNTIF('SO2'!A:A,A75)>0,COUNTIF(Kendaraan!A:A,A75)>0) -> TRUE
A76: 45459 | B76: 37.29 | C76: 47.94 | D76: 44.45 | E76: 41.22 | F76: 46.78 | G76: 3131 | H76: 24 | I76: =AND(COUNTIF(CO!A:A,A76)>0,COUNTIF('NO2'!A:A,A76)>0,COUNTIF('O3'!A:A,A76)>0,COUNTIF('PM2.5'!A:A,A76)>0,COUNTIF('SO2'!A:A,A76)>0,COUNTIF(Kendaraan!A:A,A76)>0) -> TRUE
A77: 45460 | B77: 23.5 | C77: 44.81 | D77: 32.14 | E77: 26.05 | F77: 36.61 | G77: 6522 | H77: 24 | I77: =AND(COUNTIF(CO!A:A,A77)>0,COUNTIF('NO2'!A:A,A77)>0,COUNTIF('O3'!A:A,A77)>0,COUNTIF('PM2.5'!A:A,A77)>0,COUNTIF('SO2'!A:A,A77)>0,COUNTIF(Kendaraan!A:A,A77)>0) -> TRUE
A78: 45461 | B78: 37.4 | C78: 53.85 | D78: 47.33 | E78: 43.4 | F78: 50.93 | G78: 5099 | H78: 24 | I78: =AND(COUNTIF(CO!A:A,A78)>0,COUNTIF('NO2'!A:A,A78)>0,COUNTIF('O3'!A:A,A78)>0,COUNTIF('PM2.5'!A:A,A78)>0,COUNTIF('SO2'!A:A,A78)>0,COUNTIF(Kendaraan!A:A,A78)>0) -> TRUE
A79: 45462 | B79: 30.65 | C79: 37.21 | D79: 31.65 | E79: 31.23 | F79: 33.26 | G79: 2016 | H79: 24 | I79: =AND(COUNTIF(CO!A:A,A79)>0,COUNTIF('NO2'!A:A,A79)>0,COUNTIF('O3'!A:A,A79)>0,COUNTIF('PM2.5'!A:A,A79)>0,COUNTIF('SO2'!A:A,A79)>0,COUNTIF(Kendaraan!A:A,A79)>0) -> TRUE
A80: 45463 | B80: 27.54 | C80: 34.22 | D80: 32.93 | E80: 31.23 | F80: 33.69 | G80: 1847 | H80: 24 | I80: =AND(COUNTIF(CO!A:A,A80)>0,COUNTIF('NO2'!A:A,A80)>0,COUNTIF('O3'!A:A,A80)>0,COUNTIF('PM2.5'!A:A,A80)>0,COUNTIF('SO2'!A:A,A80)>0,COUNTIF(Kendaraan!A:A,A80)>0) -> TRUE
A81: 45464 | B81: 19.67 | C81: 27.06 | D81: 21.61 | E81: 20.52 | F81: 23.71 | G81: 2227 | H81: 24 | I81: =AND(COUNTIF(CO!A:A,A81)>0,COUNTIF('NO2'!A:A,A81)>0,COUNTIF('O3'!A:A,A81)>0,COUNTIF('PM2.5'!A:A,A81)>0,COUNTIF('SO2'!A:A,A81)>0,COUNTIF(Kendaraan!A:A,A81)>0) -> TRUE
A82: 45465 | B82: 20.79 | C82: 24.04 | D82: 23.38 | E82: 22.43 | F82: 23.94 | G82: 0.987 | H82: 24 | I82: =AND(COUNTIF(CO!A:A,A82)>0,COUNTIF('NO2'!A:A,A82)>0,COUNTIF('O3'!A:A,A82)>0,COUNTIF('PM2.5'!A:A,A82)>0,COUNTIF('SO2'!A:A,A82)>0,COUNTIF(Kendaraan!A:A,A82)>0) -> TRUE
A83: 45466 | B83: 18.67 | C83: 20.46 | D83: 19.47 | E83: 19.25 | F83: 19.61 | G83: 0.393 | H83: 24 | I83: =AND(COUNTIF(CO!A:A,A83)>0,COUNTIF('NO2'!A:A,A83)>0,COUNTIF('O3'!A:A,A83)>0,COUNTIF('PM2.5'!A:A,A83)>0,COUNTIF('SO2'!A:A,A83)>0,COUNTIF(Kendaraan!A:A,A83)>0) -> TRUE
A84: 45467 | B84: 18.3 | C84: 21.42 | D84: 19.77 | E84: 19.23 | F84: 20 | G84: 0.795 | H84: 24 | I84: =AND(COUNTIF(CO!A:A,A84)>0,COUNTIF('NO2'!A:A,A84)>0,COUNTIF('O3'!A:A,A84)>0,COUNTIF('PM2.5'!A:A,A84)>0,COUNTIF('SO2'!A:A,A84)>0,COUNTIF(Kendaraan!A:A,A84)>0) -> TRUE
A85: 45468 | B85: 21.1 | C85: 22.85 | D85: 21.9 | E85: 21.43 | F85: 22.3 | G85: 0.494 | H85: 24 | I85: =AND(COUNTIF(CO!A:A,A85)>0,COUNTIF('NO2'!A:A,A85)>0,COUNTIF('O3'!A:A,A85)>0,COUNTIF('PM2.5'!A:A,A85)>0,COUNTIF('SO2'!A:A,A85)>0,COUNTIF(Kendaraan!A:A,A85)>0) -> TRUE
A86: 45469 | B86: 20.75 | C86: 26.54 | D86: 23.75 | E86: 22.11 | F86: 26.12 | G86: 2063 | H86: 24 | I86: =AND(COUNTIF(CO!A:A,A86)>0,COUNTIF('NO2'!A:A,A86)>0,COUNTIF('O3'!A:A,A86)>0,COUNTIF('PM2.5'!A:A,A86)>0,COUNTIF('SO2'!A:A,A86)>0,COUNTIF(Kendaraan!A:A,A86)>0) -> TRUE
A87: 45470 | B87: 16.85 | C87: 24.65 | D87: 20.22 | E87: 17.57 | F87: 23.1 | G87: 2941 | H87: 23 | I87: =AND(COUNTIF(CO!A:A,A87)>0,COUNTIF('NO2'!A:A,A87)>0,COUNTIF('O3'!A:A,A87)>0,COUNTIF('PM2.5'!A:A,A87)>0,COUNTIF('SO2'!A:A,A87)>0,COUNTIF(Kendaraan!A:A,A87)>0) -> TRUE
A88: 45471 | B88: 16.76 | C88: 23.56 | D88: 20.05 | E88: 18.89 | F88: 21.92 | G88: 1986 | H88: 23 | I88: =AND(COUNTIF(CO!A:A,A88)>0,COUNTIF('NO2'!A:A,A88)>0,COUNTIF('O3'!A:A,A88)>0,COUNTIF('PM2.5'!A:A,A88)>0,COUNTIF('SO2'!A:A,A88)>0,COUNTIF(Kendaraan!A:A,A88)>0) -> TRUE
A89: 45472 | B89: 18.07 | C89: 24.94 | D89: 22.56 | E89: 20.32 | F89: 24.32 | G89: 2179 | H89: 24 | I89: =AND(COUNTIF(CO!A:A,A89)>0,COUNTIF('NO2'!A:A,A89)>0,COUNTIF('O3'!A:A,A89)>0,COUNTIF('PM2.5'!A:A,A89)>0,COUNTIF('SO2'!A:A,A89)>0,COUNTIF(Kendaraan!A:A,A89)>0) -> TRUE
A90: 45473 | B90: 11 | C90: 17.38 | D90: 11.4 | E90: 11.18 | F90: 13.45 | G90: 1979 | H90: 24 | I90: =AND(COUNTIF(CO!A:A,A90)>0,COUNTIF('NO2'!A:A,A90)>0,COUNTIF('O3'!A:A,A90)>0,COUNTIF('PM2.5'!A:A,A90)>0,COUNTIF('SO2'!A:A,A90)>0,COUNTIF(Kendaraan!A:A,A90)>0) -> TRUE
A91: 45474 | B91: 12.12 | C91: 17.5 | D91: 15.25 | E91: 12.93 | F91: 16.6 | G91: 1893 | H91: 24 | I91: =AND(COUNTIF(CO!A:A,A91)>0,COUNTIF('NO2'!A:A,A91)>0,COUNTIF('O3'!A:A,A91)>0,COUNTIF('PM2.5'!A:A,A91)>0,COUNTIF('SO2'!A:A,A91)>0,COUNTIF(Kendaraan!A:A,A91)>0) -> TRUE
A92: 45475 | B92: 15 | C92: 18.96 | D92: 17.04 | E92: 16.23 | F92: 18.35 | G92: 1213 | H92: 24 | I92: =AND(COUNTIF(CO!A:A,A92)>0,COUNTIF('NO2'!A:A,A92)>0,COUNTIF('O3'!A:A,A92)>0,COUNTIF('PM2.5'!A:A,A92)>0,COUNTIF('SO2'!A:A,A92)>0,COUNTIF(Kendaraan!A:A,A92)>0) -> TRUE
A93: 45476 | B93: 11.83 | C93: 14.71 | D93: 12.25 | E93: 12.08 | F93: 12.56 | G93: 0.738 | H93: 23 | I93: =AND(COUNTIF(CO!A:A,A93)>0,COUNTIF('NO2'!A:A,A93)>0,COUNTIF('O3'!A:A,A93)>0,COUNTIF('PM2.5'!A:A,A93)>0,COUNTIF('SO2'!A:A,A93)>0,COUNTIF(Kendaraan!A:A,A93)>0) -> TRUE
A94: 45477 | B94: 9.31 | C94: 11.96 | D94: 10.68 | E94: 10.52 | F94: 11.3 | G94: 0.63 | H94: 24 | I94: =AND(COUNTIF(CO!A:A,A94)>0,COUNTIF('NO2'!A:A,A94)>0,COUNTIF('O3'!A:A,A94)>0,COUNTIF('PM2.5'!A:A,A94)>0,COUNTIF('SO2'!A:A,A94)>0,COUNTIF(Kendaraan!A:A,A94)>0) -> TRUE
A95: 45478 | B95: 10.92 | C95: 19.32 | D95: 12.1 | E95: 11.46 | F95: 15.08 | G95: 2695 | H95: 24 | I95: =AND(COUNTIF(CO!A:A,A95)>0,COUNTIF('NO2'!A:A,A95)>0,COUNTIF('O3'!A:A,A95)>0,COUNTIF('PM2.5'!A:A,A95)>0,COUNTIF('SO2'!A:A,A95)>0,COUNTIF(Kendaraan!A:A,A95)>0) -> TRUE
A96: 45479 | B96: 14.5 | C96: 23.75 | D96: 20.45 | E96: 17.92 | F96: 22.16 | G96: 2876 | H96: 24 | I96: =AND(COUNTIF(CO!A:A,A96)>0,COUNTIF('NO2'!A:A,A96)>0,COUNTIF('O3'!A:A,A96)>0,COUNTIF('PM2.5'!A:A,A96)>0,COUNTIF('SO2'!A:A,A96)>0,COUNTIF(Kendaraan!A:A,A96)>0) -> TRUE
A97: 45480 | B97: 13.81 | C97: 21.12 | D97: 15.56 | E97: 14.74 | F97: 18.86 | G97: 2383 | H97: 24 | I97: =AND(COUNTIF(CO!A:A,A97)>0,COUNTIF('NO2'!A:A,A97)>0,COUNTIF('O3'!A:A,A97)>0,COUNTIF('PM2.5'!A:A,A97)>0,COUNTIF('SO2'!A:A,A97)>0,COUNTIF(Kendaraan!A:A,A97)>0) -> TRUE
A98: 45481 | B98: 16.92 | C98: 23.23 | D98: 21.25 | E98: 19.05 | F98: 21.83 | G98: 1.86 | H98: 24 | I98: =AND(COUNTIF(CO!A:A,A98)>0,COUNTIF('NO2'!A:A,A98)>0,COUNTIF('O3'!A:A,A98)>0,COUNTIF('PM2.5'!A:A,A98)>0,COUNTIF('SO2'!A:A,A98)>0,COUNTIF(Kendaraan!A:A,A98)>0) -> TRUE
A99: 45482 | B99: 15.48 | C99: 25.56 | D99: 17.23 | E99: 15.83 | F99: 20.94 | G99: 3.19 | H99: 24 | I99: =AND(COUNTIF(CO!A:A,A99)>0,COUNTIF('NO2'!A:A,A99)>0,COUNTIF('O3'!A:A,A99)>0,COUNTIF('PM2.5'!A:A,A99)>0,COUNTIF('SO2'!A:A,A99)>0,COUNTIF(Kendaraan!A:A,A99)>0) -> TRUE
A100: 45483 | B100: 22.85 | C100: 27.02 | D100: 26.29 | E100: 25.38 | F100: 26.79 | G100: 1259 | H100: 15 | I100: =AND(COUNTIF(CO!A:A,A100)>0,COUNTIF('NO2'!A:A,A100)>0,COUNTIF('O3'!A:A,A100)>0,COUNTIF('PM2.5'!A:A,A100)>0,COUNTIF('SO2'!A:A,A100)>0,COUNTIF(Kendaraan!A:A,A100)>0) -> TRUE
...

Sheet PM2.5
A1: date | B1: min | C1: max | D1: median | E1: q1 | F1: q3 | G1: stdev | H1: count | I1: cek
A2: 45337 | B2: 12.85 | C2: 18.21 | D2: 14.02 | E2: 13.11 | F2: 15.43 | G2: 1562 | H2: 24 | I2: =AND(COUNTIF(CO!A:A,A2)>0,COUNTIF('NO2'!A:A,A2)>0,COUNTIF('O3'!A:A,A2)>0,COUNTIF('PM10'!A:A,A2)>0,COUNTIF('SO2'!A:A,A2)>0,COUNTIF(Kendaraan!A:A,A2)>0) -> TRUE
A3: 45338 | B3: 5.04 | C3: 19.82 | D3: 15.18 | E3: 10.8 | F3: 17.84 | G3: 4347 | H3: 24 | I3: =AND(COUNTIF(CO!A:A,A3)>0,COUNTIF('NO2'!A:A,A3)>0,COUNTIF('O3'!A:A,A3)>0,COUNTIF('PM10'!A:A,A3)>0,COUNTIF('SO2'!A:A,A3)>0,COUNTIF(Kendaraan!A:A,A3)>0) -> TRUE
A4: 45342 | B4: 14.81 | C4: 17.89 | D4: 17.17 | E4: 16.37 | F4: 17.61 | G4: 0.83 | H4: 24 | I4: =AND(COUNTIF(CO!A:A,A4)>0,COUNTIF('NO2'!A:A,A4)>0,COUNTIF('O3'!A:A,A4)>0,COUNTIF('PM10'!A:A,A4)>0,COUNTIF('SO2'!A:A,A4)>0,COUNTIF(Kendaraan!A:A,A4)>0) -> TRUE
A5: 45343 | B5: 5.94 | C5: 18.94 | D5: 15.05 | E5: 10.3 | F5: 18.13 | G5: 4311 | H5: 24 | I5: =AND(COUNTIF(CO!A:A,A5)>0,COUNTIF('NO2'!A:A,A5)>0,COUNTIF('O3'!A:A,A5)>0,COUNTIF('PM10'!A:A,A5)>0,COUNTIF('SO2'!A:A,A5)>0,COUNTIF(Kendaraan!A:A,A5)>0) -> TRUE
A6: 45344 | B6: 0.4 | C6: 5.15 | D6: 2.77 | E6: 1.19 | F6: 4.34 | G6: 1582 | H6: 7 | I6: =AND(COUNTIF(CO!A:A,A6)>0,COUNTIF('NO2'!A:A,A6)>0,COUNTIF('O3'!A:A,A6)>0,COUNTIF('PM10'!A:A,A6)>0,COUNTIF('SO2'!A:A,A6)>0,COUNTIF(Kendaraan!A:A,A6)>0) -> TRUE
A7: 45372 | B7: 16.94 | C7: 19.39 | D7: 19 | E7: 17.95 | F7: 19.23 | G7: 0.789 | H7: 9 | I7: =AND(COUNTIF(CO!A:A,A7)>0,COUNTIF('NO2'!A:A,A7)>0,COUNTIF('O3'!A:A,A7)>0,COUNTIF('PM10'!A:A,A7)>0,COUNTIF('SO2'!A:A,A7)>0,COUNTIF(Kendaraan!A:A,A7)>0) -> TRUE
A8: 45373 | B8: 29.12 | C8: 29.54 | D8: 29.29 | E8: 29.15 | F8: 29.47 | G8: 0.171 | H8: 4 | I8: =AND(COUNTIF(CO!A:A,A8)>0,COUNTIF('NO2'!A:A,A8)>0,COUNTIF('O3'!A:A,A8)>0,COUNTIF('PM10'!A:A,A8)>0,COUNTIF('SO2'!A:A,A8)>0,COUNTIF(Kendaraan!A:A,A8)>0) -> TRUE
A9: 45377 | B9: 19 | C9: 19 | D9: 19 | E9: 19 | F9: 19 | G9: 0 | H9: 1 | I9: =AND(COUNTIF(CO!A:A,A9)>0,COUNTIF('NO2'!A:A,A9)>0,COUNTIF('O3'!A:A,A9)>0,COUNTIF('PM10'!A:A,A9)>0,COUNTIF('SO2'!A:A,A9)>0,COUNTIF(Kendaraan!A:A,A9)>0) -> TRUE
A10: 45383 | B10: 10.21 | C10: 12.29 | D10: 11.1 | E10: 10.86 | F10: 12.05 | G10: 0.657 | H10: 21 | I10: =AND(COUNTIF(CO!A:A,A10)>0,COUNTIF('NO2'!A:A,A10)>0,COUNTIF('O3'!A:A,A10)>0,COUNTIF('PM10'!A:A,A10)>0,COUNTIF('SO2'!A:A,A10)>0,COUNTIF(Kendaraan!A:A,A10)>0) -> TRUE
A11: 45384 | B11: 11.58 | C11: 12.73 | D11: 12.07 | E11: 11.95 | F11: 12.53 | G11: 0.347 | H11: 24 | I11: =AND(COUNTIF(CO!A:A,A11)>0,COUNTIF('NO2'!A:A,A11)>0,COUNTIF('O3'!A:A,A11)>0,COUNTIF('PM10'!A:A,A11)>0,COUNTIF('SO2'!A:A,A11)>0,COUNTIF(Kendaraan!A:A,A11)>0) -> TRUE
A12: 45385 | B12: 12.81 | C12: 17.23 | D12: 16.38 | E12: 14.08 | F12: 16.97 | G12: 1415 | H12: 24 | I12: =AND(COUNTIF(CO!A:A,A12)>0,COUNTIF('NO2'!A:A,A12)>0,COUNTIF('O3'!A:A,A12)>0,COUNTIF('PM10'!A:A,A12)>0,COUNTIF('SO2'!A:A,A12)>0,COUNTIF(Kendaraan!A:A,A12)>0) -> TRUE
A13: 45386 | B13: 12.77 | C13: 16.3 | D13: 13.67 | E13: 13.15 | F13: 15.63 | G13: 1202 | H13: 24 | I13: =AND(COUNTIF(CO!A:A,A13)>0,COUNTIF('NO2'!A:A,A13)>0,COUNTIF('O3'!A:A,A13)>0,COUNTIF('PM10'!A:A,A13)>0,COUNTIF('SO2'!A:A,A13)>0,COUNTIF(Kendaraan!A:A,A13)>0) -> TRUE
A14: 45387 | B14: 11.65 | C14: 14.98 | D14: 12.56 | E14: 12.02 | F14: 13.94 | G14: 1.1 | H14: 23 | I14: =AND(COUNTIF(CO!A:A,A14)>0,COUNTIF('NO2'!A:A,A14)>0,COUNTIF('O3'!A:A,A14)>0,COUNTIF('PM10'!A:A,A14)>0,COUNTIF('SO2'!A:A,A14)>0,COUNTIF(Kendaraan!A:A,A14)>0) -> TRUE
A15: 45388 | B15: 13.17 | C15: 16.23 | D15: 14.82 | E15: 14.39 | F15: 15.77 | G15: 0.876 | H15: 24 | I15: =AND(COUNTIF(CO!A:A,A15)>0,COUNTIF('NO2'!A:A,A15)>0,COUNTIF('O3'!A:A,A15)>0,COUNTIF('PM10'!A:A,A15)>0,COUNTIF('SO2'!A:A,A15)>0,COUNTIF(Kendaraan!A:A,A15)>0) -> TRUE
A16: 45389 | B16: 17.04 | C16: 22.73 | D16: 19.88 | E16: 18.59 | F16: 21.05 | G16: 1519 | H16: 24 | I16: =AND(COUNTIF(CO!A:A,A16)>0,COUNTIF('NO2'!A:A,A16)>0,COUNTIF('O3'!A:A,A16)>0,COUNTIF('PM10'!A:A,A16)>0,COUNTIF('SO2'!A:A,A16)>0,COUNTIF(Kendaraan!A:A,A16)>0) -> TRUE
A17: 45390 | B17: 14.65 | C17: 20.79 | D17: 19.2 | E17: 17.47 | F17: 19.63 | G17: 1772 | H17: 24 | I17: =AND(COUNTIF(CO!A:A,A17)>0,COUNTIF('NO2'!A:A,A17)>0,COUNTIF('O3'!A:A,A17)>0,COUNTIF('PM10'!A:A,A17)>0,COUNTIF('SO2'!A:A,A17)>0,COUNTIF(Kendaraan!A:A,A17)>0) -> TRUE
A18: 45391 | B18: 15.77 | C18: 17.67 | D18: 17.28 | E18: 16.82 | F18: 17.57 | G18: 0.515 | H18: 24 | I18: =AND(COUNTIF(CO!A:A,A18)>0,COUNTIF('NO2'!A:A,A18)>0,COUNTIF('O3'!A:A,A18)>0,COUNTIF('PM10'!A:A,A18)>0,COUNTIF('SO2'!A:A,A18)>0,COUNTIF(Kendaraan!A:A,A18)>0) -> TRUE
A19: 45392 | B19: 9.4 | C19: 16.73 | D19: 13.19 | E19: 9.66 | F19: 14.6 | G19: 2537 | H19: 24 | I19: =AND(COUNTIF(CO!A:A,A19)>0,COUNTIF('NO2'!A:A,A19)>0,COUNTIF('O3'!A:A,A19)>0,COUNTIF('PM10'!A:A,A19)>0,COUNTIF('SO2'!A:A,A19)>0,COUNTIF(Kendaraan!A:A,A19)>0) -> TRUE
A20: 45393 | B20: 9.31 | C20: 10.35 | D20: 9.57 | E20: 9.44 | F20: 9.84 | G20: 0.272 | H20: 24 | I20: =AND(COUNTIF(CO!A:A,A20)>0,COUNTIF('NO2'!A:A,A20)>0,COUNTIF('O3'!A:A,A20)>0,COUNTIF('PM10'!A:A,A20)>0,COUNTIF('SO2'!A:A,A20)>0,COUNTIF(Kendaraan!A:A,A20)>0) -> TRUE
A21: 45394 | B21: 10.48 | C21: 16.27 | D21: 11.07 | E21: 10.54 | F21: 14.76 | G21: 2193 | H21: 24 | I21: =AND(COUNTIF(CO!A:A,A21)>0,COUNTIF('NO2'!A:A,A21)>0,COUNTIF('O3'!A:A,A21)>0,COUNTIF('PM10'!A:A,A21)>0,COUNTIF('SO2'!A:A,A21)>0,COUNTIF(Kendaraan!A:A,A21)>0) -> TRUE
A22: 45395 | B22: 15.31 | C22: 17.79 | D22: 16.87 | E22: 15.99 | F22: 17.17 | G22: 0.717 | H22: 24 | I22: =AND(COUNTIF(CO!A:A,A22)>0,COUNTIF('NO2'!A:A,A22)>0,COUNTIF('O3'!A:A,A22)>0,COUNTIF('PM10'!A:A,A22)>0,COUNTIF('SO2'!A:A,A22)>0,COUNTIF(Kendaraan!A:A,A22)>0) -> TRUE
A23: 45396 | B23: 15.42 | C23: 18.1 | D23: 17.84 | E23: 17.57 | F23: 17.94 | G23: 0.673 | H23: 24 | I23: =AND(COUNTIF(CO!A:A,A23)>0,COUNTIF('NO2'!A:A,A23)>0,COUNTIF('O3'!A:A,A23)>0,COUNTIF('PM10'!A:A,A23)>0,COUNTIF('SO2'!A:A,A23)>0,COUNTIF(Kendaraan!A:A,A23)>0) -> TRUE
A24: 45397 | B24: 17.02 | C24: 20.98 | D24: 18.48 | E24: 17.23 | F24: 20.19 | G24: 1.47 | H24: 24 | I24: =AND(COUNTIF(CO!A:A,A24)>0,COUNTIF('NO2'!A:A,A24)>0,COUNTIF('O3'!A:A,A24)>0,COUNTIF('PM10'!A:A,A24)>0,COUNTIF('SO2'!A:A,A24)>0,COUNTIF(Kendaraan!A:A,A24)>0) -> TRUE
A25: 45398 | B25: 17.48 | C25: 21.23 | D25: 19.71 | E25: 18.89 | F25: 20.13 | G25: 0.943 | H25: 24 | I25: =AND(COUNTIF(CO!A:A,A25)>0,COUNTIF('NO2'!A:A,A25)>0,COUNTIF('O3'!A:A,A25)>0,COUNTIF('PM10'!A:A,A25)>0,COUNTIF('SO2'!A:A,A25)>0,COUNTIF(Kendaraan!A:A,A25)>0) -> TRUE
A26: 45399 | B26: 11.42 | C26: 17.1 | D26: 13.86 | E26: 12.25 | F26: 14.93 | G26: 1625 | H26: 24 | I26: =AND(COUNTIF(CO!A:A,A26)>0,COUNTIF('NO2'!A:A,A26)>0,COUNTIF('O3'!A:A,A26)>0,COUNTIF('PM10'!A:A,A26)>0,COUNTIF('SO2'!A:A,A26)>0,COUNTIF(Kendaraan!A:A,A26)>0) -> TRUE
A27: 45400 | B27: 13.31 | C27: 17.42 | D27: 15.8 | E27: 15.42 | F27: 16.44 | G27: 1116 | H27: 24 | I27: =AND(COUNTIF(CO!A:A,A27)>0,COUNTIF('NO2'!A:A,A27)>0,COUNTIF('O3'!A:A,A27)>0,COUNTIF('PM10'!A:A,A27)>0,COUNTIF('SO2'!A:A,A27)>0,COUNTIF(Kendaraan!A:A,A27)>0) -> TRUE
A28: 45401 | B28: 9.5 | C28: 13.58 | D28: 11.38 | E28: 9.94 | F28: 12.34 | G28: 1383 | H28: 24 | I28: =AND(COUNTIF(CO!A:A,A28)>0,COUNTIF('NO2'!A:A,A28)>0,COUNTIF('O3'!A:A,A28)>0,COUNTIF('PM10'!A:A,A28)>0,COUNTIF('SO2'!A:A,A28)>0,COUNTIF(Kendaraan!A:A,A28)>0) -> TRUE
A29: 45402 | B29: 10.35 | C29: 19.75 | D29: 16.03 | E29: 12.56 | F29: 18.1 | G29: 2938 | H29: 24 | I29: =AND(COUNTIF(CO!A:A,A29)>0,COUNTIF('NO2'!A:A,A29)>0,COUNTIF('O3'!A:A,A29)>0,COUNTIF('PM10'!A:A,A29)>0,COUNTIF('SO2'!A:A,A29)>0,COUNTIF(Kendaraan!A:A,A29)>0) -> TRUE
A30: 45403 | B30: 18.07 | C30: 22.69 | D30: 19.78 | E30: 19.19 | F30: 22.12 | G30: 1503 | H30: 24 | I30: =AND(COUNTIF(CO!A:A,A30)>0,COUNTIF('NO2'!A:A,A30)>0,COUNTIF('O3'!A:A,A30)>0,COUNTIF('PM10'!A:A,A30)>0,COUNTIF('SO2'!A:A,A30)>0,COUNTIF(Kendaraan!A:A,A30)>0) -> TRUE
A31: 45404 | B31: 12.1 | C31: 17.82 | D31: 13.21 | E31: 12.91 | F31: 13.5 | G31: 1522 | H31: 24 | I31: =AND(COUNTIF(CO!A:A,A31)>0,COUNTIF('NO2'!A:A,A31)>0,COUNTIF('O3'!A:A,A31)>0,COUNTIF('PM10'!A:A,A31)>0,COUNTIF('SO2'!A:A,A31)>0,COUNTIF(Kendaraan!A:A,A31)>0) -> TRUE
A32: 45405 | B32: 13.06 | C32: 20.71 | D32: 14.8 | E32: 14.18 | F32: 15.82 | G32: 1.88 | H32: 24 | I32: =AND(COUNTIF(CO!A:A,A32)>0,COUNTIF('NO2'!A:A,A32)>0,COUNTIF('O3'!A:A,A32)>0,COUNTIF('PM10'!A:A,A32)>0,COUNTIF('SO2'!A:A,A32)>0,COUNTIF(Kendaraan!A:A,A32)>0) -> TRUE
A33: 45406 | B33: 22.04 | C33: 32.1 | D33: 29.65 | E33: 27.97 | F33: 30.95 | G33: 2511 | H33: 24 | I33: =AND(COUNTIF(CO!A:A,A33)>0,COUNTIF('NO2'!A:A,A33)>0,COUNTIF('O3'!A:A,A33)>0,COUNTIF('PM10'!A:A,A33)>0,COUNTIF('SO2'!A:A,A33)>0,COUNTIF(Kendaraan!A:A,A33)>0) -> TRUE
A34: 45407 | B34: 25.88 | C34: 29.73 | D34: 28.45 | E34: 27.97 | F34: 28.84 | G34: 0.855 | H34: 24 | I34: =AND(COUNTIF(CO!A:A,A34)>0,COUNTIF('NO2'!A:A,A34)>0,COUNTIF('O3'!A:A,A34)>0,COUNTIF('PM10'!A:A,A34)>0,COUNTIF('SO2'!A:A,A34)>0,COUNTIF(Kendaraan!A:A,A34)>0) -> TRUE
A35: 45408 | B35: 20.21 | C35: 25.21 | D35: 21.33 | E35: 20.72 | F35: 22.37 | G35: 1461 | H35: 24 | I35: =AND(COUNTIF(CO!A:A,A35)>0,COUNTIF('NO2'!A:A,A35)>0,COUNTIF('O3'!A:A,A35)>0,COUNTIF('PM10'!A:A,A35)>0,COUNTIF('SO2'!A:A,A35)>0,COUNTIF(Kendaraan!A:A,A35)>0) -> TRUE
A36: 45409 | B36: 15.69 | C36: 24.79 | D36: 17.57 | E36: 17.17 | F36: 20.36 | G36: 2364 | H36: 24 | I36: =AND(COUNTIF(CO!A:A,A36)>0,COUNTIF('NO2'!A:A,A36)>0,COUNTIF('O3'!A:A,A36)>0,COUNTIF('PM10'!A:A,A36)>0,COUNTIF('SO2'!A:A,A36)>0,COUNTIF(Kendaraan!A:A,A36)>0) -> TRUE
A37: 45410 | B37: 25.67 | C37: 31.35 | D37: 28.6 | E37: 27.22 | F37: 29.96 | G37: 1616 | H37: 24 | I37: =AND(COUNTIF(CO!A:A,A37)>0,COUNTIF('NO2'!A:A,A37)>0,COUNTIF('O3'!A:A,A37)>0,COUNTIF('PM10'!A:A,A37)>0,COUNTIF('SO2'!A:A,A37)>0,COUNTIF(Kendaraan!A:A,A37)>0) -> TRUE
A38: 45411 | B38: 24 | C38: 28.33 | D38: 26.11 | E38: 25.49 | F38: 27.67 | G38: 1301 | H38: 24 | I38: =AND(COUNTIF(CO!A:A,A38)>0,COUNTIF('NO2'!A:A,A38)>0,COUNTIF('O3'!A:A,A38)>0,COUNTIF('PM10'!A:A,A38)>0,COUNTIF('SO2'!A:A,A38)>0,COUNTIF(Kendaraan!A:A,A38)>0) -> TRUE
A39: 45412 | B39: 27.9 | C39: 32.79 | D39: 31.49 | E39: 28.93 | F39: 32.38 | G39: 1758 | H39: 24 | I39: =AND(COUNTIF(CO!A:A,A39)>0,COUNTIF('NO2'!A:A,A39)>0,COUNTIF('O3'!A:A,A39)>0,COUNTIF('PM10'!A:A,A39)>0,COUNTIF('SO2'!A:A,A39)>0,COUNTIF(Kendaraan!A:A,A39)>0) -> TRUE
A40: 45413 | B40: 26.56 | C40: 33.72 | D40: 29.73 | E40: 27.69 | F40: 32.94 | G40: 2518 | H40: 24 | I40: =AND(COUNTIF(CO!A:A,A40)>0,COUNTIF('NO2'!A:A,A40)>0,COUNTIF('O3'!A:A,A40)>0,COUNTIF('PM10'!A:A,A40)>0,COUNTIF('SO2'!A:A,A40)>0,COUNTIF(Kendaraan!A:A,A40)>0) -> TRUE
A41: 45414 | B41: 22.21 | C41: 26.23 | D41: 23.99 | E41: 22.81 | F41: 24.43 | G41: 1045 | H41: 24 | I41: =AND(COUNTIF(CO!A:A,A41)>0,COUNTIF('NO2'!A:A,A41)>0,COUNTIF('O3'!A:A,A41)>0,COUNTIF('PM10'!A:A,A41)>0,COUNTIF('SO2'!A:A,A41)>0,COUNTIF(Kendaraan!A:A,A41)>0) -> TRUE
A42: 45415 | B42: 19.29 | C42: 23.62 | D42: 21.6 | E42: 20.28 | F42: 22.58 | G42: 1366 | H42: 24 | I42: =AND(COUNTIF(CO!A:A,A42)>0,COUNTIF('NO2'!A:A,A42)>0,COUNTIF('O3'!A:A,A42)>0,COUNTIF('PM10'!A:A,A42)>0,COUNTIF('SO2'!A:A,A42)>0,COUNTIF(Kendaraan!A:A,A42)>0) -> TRUE
A43: 45416 | B43: 19.05 | C43: 23.71 | D43: 22.46 | E43: 20.65 | F43: 23.37 | G43: 1.58 | H43: 16 | I43: =AND(COUNTIF(CO!A:A,A43)>0,COUNTIF('NO2'!A:A,A43)>0,COUNTIF('O3'!A:A,A43)>0,COUNTIF('PM10'!A:A,A43)>0,COUNTIF('SO2'!A:A,A43)>0,COUNTIF(Kendaraan!A:A,A43)>0) -> TRUE
A44: 45417 | B44: 16.21 | C44: 18.07 | D44: 17.46 | E44: 16.64 | F44: 17.92 | G44: 0.668 | H44: 19 | I44: =AND(COUNTIF(CO!A:A,A44)>0,COUNTIF('NO2'!A:A,A44)>0,COUNTIF('O3'!A:A,A44)>0,COUNTIF('PM10'!A:A,A44)>0,COUNTIF('SO2'!A:A,A44)>0,COUNTIF(Kendaraan!A:A,A44)>0) -> TRUE
A45: 45418 | B45: 14.5 | C45: 19.85 | D45: 16 | E45: 15.3 | F45: 17.3 | G45: 1473 | H45: 24 | I45: =AND(COUNTIF(CO!A:A,A45)>0,COUNTIF('NO2'!A:A,A45)>0,COUNTIF('O3'!A:A,A45)>0,COUNTIF('PM10'!A:A,A45)>0,COUNTIF('SO2'!A:A,A45)>0,COUNTIF(Kendaraan!A:A,A45)>0) -> TRUE
A46: 45419 | B46: 14.4 | C46: 22.52 | D46: 20.45 | E46: 16.04 | F46: 21.91 | G46: 2996 | H46: 24 | I46: =AND(COUNTIF(CO!A:A,A46)>0,COUNTIF('NO2'!A:A,A46)>0,COUNTIF('O3'!A:A,A46)>0,COUNTIF('PM10'!A:A,A46)>0,COUNTIF('SO2'!A:A,A46)>0,COUNTIF(Kendaraan!A:A,A46)>0) -> TRUE
A47: 45420 | B47: 13.88 | C47: 24.71 | D47: 19.2 | E47: 14.56 | F47: 21.67 | G47: 3719 | H47: 24 | I47: =AND(COUNTIF(CO!A:A,A47)>0,COUNTIF('NO2'!A:A,A47)>0,COUNTIF('O3'!A:A,A47)>0,COUNTIF('PM10'!A:A,A47)>0,COUNTIF('SO2'!A:A,A47)>0,COUNTIF(Kendaraan!A:A,A47)>0) -> TRUE
A48: 45421 | B48: 25.48 | C48: 38.27 | D48: 31.47 | E48: 30.42 | F48: 36.14 | G48: 3585 | H48: 24 | I48: =AND(COUNTIF(CO!A:A,A48)>0,COUNTIF('NO2'!A:A,A48)>0,COUNTIF('O3'!A:A,A48)>0,COUNTIF('PM10'!A:A,A48)>0,COUNTIF('SO2'!A:A,A48)>0,COUNTIF(Kendaraan!A:A,A48)>0) -> TRUE
A49: 45422 | B49: 36.27 | C49: 41.56 | D49: 38.36 | E49: 37.94 | F49: 40.04 | G49: 1472 | H49: 24 | I49: =AND(COUNTIF(CO!A:A,A49)>0,COUNTIF('NO2'!A:A,A49)>0,COUNTIF('O3'!A:A,A49)>0,COUNTIF('PM10'!A:A,A49)>0,COUNTIF('SO2'!A:A,A49)>0,COUNTIF(Kendaraan!A:A,A49)>0) -> TRUE
A50: 45423 | B50: 35.17 | C50: 40.5 | D50: 38.24 | E50: 35.88 | F50: 38.81 | G50: 1566 | H50: 24 | I50: =AND(COUNTIF(CO!A:A,A50)>0,COUNTIF('NO2'!A:A,A50)>0,COUNTIF('O3'!A:A,A50)>0,COUNTIF('PM10'!A:A,A50)>0,COUNTIF('SO2'!A:A,A50)>0,COUNTIF(Kendaraan!A:A,A50)>0) -> TRUE
A51: 45424 | B51: 33.27 | C51: 40.15 | D51: 35.88 | E51: 34.82 | F51: 38.36 | G51: 2147 | H51: 24 | I51: =AND(COUNTIF(CO!A:A,A51)>0,COUNTIF('NO2'!A:A,A51)>0,COUNTIF('O3'!A:A,A51)>0,COUNTIF('PM10'!A:A,A51)>0,COUNTIF('SO2'!A:A,A51)>0,COUNTIF(Kendaraan!A:A,A51)>0) -> TRUE
A52: 45425 | B52: 34.54 | C52: 42.94 | D52: 39.4 | E52: 36.54 | F52: 41.65 | G52: 2824 | H52: 24 | I52: =AND(COUNTIF(CO!A:A,A52)>0,COUNTIF('NO2'!A:A,A52)>0,COUNTIF('O3'!A:A,A52)>0,COUNTIF('PM10'!A:A,A52)>0,COUNTIF('SO2'!A:A,A52)>0,COUNTIF(Kendaraan!A:A,A52)>0) -> TRUE
A53: 45426 | B53: 31.12 | C53: 35.92 | D53: 34.28 | E53: 33.19 | F53: 34.5 | G53: 1232 | H53: 24 | I53: =AND(COUNTIF(CO!A:A,A53)>0,COUNTIF('NO2'!A:A,A53)>0,COUNTIF('O3'!A:A,A53)>0,COUNTIF('PM10'!A:A,A53)>0,COUNTIF('SO2'!A:A,A53)>0,COUNTIF(Kendaraan!A:A,A53)>0) -> TRUE
A54: 45427 | B54: 33.83 | C54: 46.9 | D54: 40.09 | E54: 34.79 | F54: 43.78 | G54: 4447 | H54: 24 | I54: =AND(COUNTIF(CO!A:A,A54)>0,COUNTIF('NO2'!A:A,A54)>0,COUNTIF('O3'!A:A,A54)>0,COUNTIF('PM10'!A:A,A54)>0,COUNTIF('SO2'!A:A,A54)>0,COUNTIF(Kendaraan!A:A,A54)>0) -> TRUE
A55: 45428 | B55: 31.44 | C55: 47.65 | D55: 38.17 | E55: 33.47 | F55: 46.6 | G55: 6112 | H55: 24 | I55: =AND(COUNTIF(CO!A:A,A55)>0,COUNTIF('NO2'!A:A,A55)>0,COUNTIF('O3'!A:A,A55)>0,COUNTIF('PM10'!A:A,A55)>0,COUNTIF('SO2'!A:A,A55)>0,COUNTIF(Kendaraan!A:A,A55)>0) -> TRUE
A56: 45429 | B56: 26.52 | C56: 31.27 | D56: 28.26 | E56: 27.56 | F56: 28.96 | G56: 1323 | H56: 24 | I56: =AND(COUNTIF(CO!A:A,A56)>0,COUNTIF('NO2'!A:A,A56)>0,COUNTIF('O3'!A:A,A56)>0,COUNTIF('PM10'!A:A,A56)>0,COUNTIF('SO2'!A:A,A56)>0,COUNTIF(Kendaraan!A:A,A56)>0) -> TRUE
A57: 45430 | B57: 23.21 | C57: 29.88 | D57: 28.16 | E57: 25 | F57: 29.54 | G57: 2262 | H57: 24 | I57: =AND(COUNTIF(CO!A:A,A57)>0,COUNTIF('NO2'!A:A,A57)>0,COUNTIF('O3'!A:A,A57)>0,COUNTIF('PM10'!A:A,A57)>0,COUNTIF('SO2'!A:A,A57)>0,COUNTIF(Kendaraan!A:A,A57)>0) -> TRUE
A58: 45431 | B58: 18.64 | C58: 23.15 | D58: 19.13 | E58: 18.88 | F58: 20.2 | G58: 1293 | H58: 24 | I58: =AND(COUNTIF(CO!A:A,A58)>0,COUNTIF('NO2'!A:A,A58)>0,COUNTIF('O3'!A:A,A58)>0,COUNTIF('PM10'!A:A,A58)>0,COUNTIF('SO2'!A:A,A58)>0,COUNTIF(Kendaraan!A:A,A58)>0) -> TRUE
A59: 45432 | B59: 19.07 | C59: 24.48 | D59: 22.37 | E59: 19.85 | F59: 23.45 | G59: 1772 | H59: 24 | I59: =AND(COUNTIF(CO!A:A,A59)>0,COUNTIF('NO2'!A:A,A59)>0,COUNTIF('O3'!A:A,A59)>0,COUNTIF('PM10'!A:A,A59)>0,COUNTIF('SO2'!A:A,A59)>0,COUNTIF(Kendaraan!A:A,A59)>0) -> TRUE
A60: 45433 | B60: 24.69 | C60: 31.44 | D60: 28.02 | E60: 26.71 | F60: 30.84 | G60: 2255 | H60: 24 | I60: =AND(COUNTIF(CO!A:A,A60)>0,COUNTIF('NO2'!A:A,A60)>0,COUNTIF('O3'!A:A,A60)>0,COUNTIF('PM10'!A:A,A60)>0,COUNTIF('SO2'!A:A,A60)>0,COUNTIF(Kendaraan!A:A,A60)>0) -> TRUE
A61: 45434 | B61: 29.54 | C61: 36.9 | D61: 32.18 | E61: 30.1 | F61: 35.9 | G61: 2687 | H61: 18 | I61: =AND(COUNTIF(CO!A:A,A61)>0,COUNTIF('NO2'!A:A,A61)>0,COUNTIF('O3'!A:A,A61)>0,COUNTIF('PM10'!A:A,A61)>0,COUNTIF('SO2'!A:A,A61)>0,COUNTIF(Kendaraan!A:A,A61)>0) -> TRUE
A62: 45435 | B62: 34.69 | C62: 39.88 | D62: 38.19 | E62: 37.11 | F62: 39 | G62: 1356 | H62: 18 | I62: =AND(COUNTIF(CO!A:A,A62)>0,COUNTIF('NO2'!A:A,A62)>0,COUNTIF('O3'!A:A,A62)>0,COUNTIF('PM10'!A:A,A62)>0,COUNTIF('SO2'!A:A,A62)>0,COUNTIF(Kendaraan!A:A,A62)>0) -> TRUE
A63: 45446 | B63: 14.66 | C63: 29 | D63: 17.95 | E63: 14.86 | F63: 23.24 | G63: 4789 | H63: 24 | I63: =AND(COUNTIF(CO!A:A,A63)>0,COUNTIF('NO2'!A:A,A63)>0,COUNTIF('O3'!A:A,A63)>0,COUNTIF('PM10'!A:A,A63)>0,COUNTIF('SO2'!A:A,A63)>0,COUNTIF(Kendaraan!A:A,A63)>0) -> TRUE
A64: 45447 | B64: 14.77 | C64: 23.6 | D64: 19.67 | E64: 17.7 | F64: 21.7 | G64: 2686 | H64: 24 | I64: =AND(COUNTIF(CO!A:A,A64)>0,COUNTIF('NO2'!A:A,A64)>0,COUNTIF('O3'!A:A,A64)>0,COUNTIF('PM10'!A:A,A64)>0,COUNTIF('SO2'!A:A,A64)>0,COUNTIF(Kendaraan!A:A,A64)>0) -> TRUE
A65: 45448 | B65: 17.26 | C65: 24.7 | D65: 23 | E65: 19.17 | F65: 23.8 | G65: 2486 | H65: 23 | I65: =AND(COUNTIF(CO!A:A,A65)>0,COUNTIF('NO2'!A:A,A65)>0,COUNTIF('O3'!A:A,A65)>0,COUNTIF('PM10'!A:A,A65)>0,COUNTIF('SO2'!A:A,A65)>0,COUNTIF(Kendaraan!A:A,A65)>0) -> TRUE
A66: 45449 | B66: 16.87 | C66: 27.31 | D66: 19.52 | E66: 17.66 | F66: 23.64 | G66: 3466 | H66: 24 | I66: =AND(COUNTIF(CO!A:A,A66)>0,COUNTIF('NO2'!A:A,A66)>0,COUNTIF('O3'!A:A,A66)>0,COUNTIF('PM10'!A:A,A66)>0,COUNTIF('SO2'!A:A,A66)>0,COUNTIF(Kendaraan!A:A,A66)>0) -> TRUE
A67: 45450 | B67: 23.96 | C67: 29.75 | D67: 27.65 | E67: 25.48 | F67: 28.93 | G67: 1875 | H67: 24 | I67: =AND(COUNTIF(CO!A:A,A67)>0,COUNTIF('NO2'!A:A,A67)>0,COUNTIF('O3'!A:A,A67)>0,COUNTIF('PM10'!A:A,A67)>0,COUNTIF('SO2'!A:A,A67)>0,COUNTIF(Kendaraan!A:A,A67)>0) -> TRUE
A68: 45451 | B68: 23.44 | C68: 28.29 | D68: 25.86 | E68: 23.59 | F68: 28.01 | G68: 1984 | H68: 24 | I68: =AND(COUNTIF(CO!A:A,A68)>0,COUNTIF('NO2'!A:A,A68)>0,COUNTIF('O3'!A:A,A68)>0,COUNTIF('PM10'!A:A,A68)>0,COUNTIF('SO2'!A:A,A68)>0,COUNTIF(Kendaraan!A:A,A68)>0) -> TRUE
A69: 45452 | B69: 27.88 | C69: 30.69 | D69: 29.82 | E69: 28.57 | F69: 30.2 | G69: 0.894 | H69: 24 | I69: =AND(COUNTIF(CO!A:A,A69)>0,COUNTIF('NO2'!A:A,A69)>0,COUNTIF('O3'!A:A,A69)>0,COUNTIF('PM10'!A:A,A69)>0,COUNTIF('SO2'!A:A,A69)>0,COUNTIF(Kendaraan!A:A,A69)>0) -> TRUE
A70: 45453 | B70: 25.31 | C70: 29.02 | D70: 26.61 | E70: 25.98 | F70: 27.84 | G70: 1181 | H70: 24 | I70: =AND(COUNTIF(CO!A:A,A70)>0,COUNTIF('NO2'!A:A,A70)>0,COUNTIF('O3'!A:A,A70)>0,COUNTIF('PM10'!A:A,A70)>0,COUNTIF('SO2'!A:A,A70)>0,COUNTIF(Kendaraan!A:A,A70)>0) -> TRUE
A71: 45454 | B71: 25.6 | C71: 29.48 | D71: 28.38 | E71: 27.43 | F71: 28.72 | G71: 1035 | H71: 24 | I71: =AND(COUNTIF(CO!A:A,A71)>0,COUNTIF('NO2'!A:A,A71)>0,COUNTIF('O3'!A:A,A71)>0,COUNTIF('PM10'!A:A,A71)>0,COUNTIF('SO2'!A:A,A71)>0,COUNTIF(Kendaraan!A:A,A71)>0) -> TRUE
A72: 45455 | B72: 27.4 | C72: 32.71 | D72: 29.99 | E72: 28.08 | F72: 30.71 | G72: 1646 | H72: 24 | I72: =AND(COUNTIF(CO!A:A,A72)>0,COUNTIF('NO2'!A:A,A72)>0,COUNTIF('O3'!A:A,A72)>0,COUNTIF('PM10'!A:A,A72)>0,COUNTIF('SO2'!A:A,A72)>0,COUNTIF(Kendaraan!A:A,A72)>0) -> TRUE
A73: 45456 | B73: 23.67 | C73: 33.92 | D73: 27.67 | E73: 25.04 | F73: 30.83 | G73: 3222 | H73: 24 | I73: =AND(COUNTIF(CO!A:A,A73)>0,COUNTIF('NO2'!A:A,A73)>0,COUNTIF('O3'!A:A,A73)>0,COUNTIF('PM10'!A:A,A73)>0,COUNTIF('SO2'!A:A,A73)>0,COUNTIF(Kendaraan!A:A,A73)>0) -> TRUE
A74: 45457 | B74: 33.22 | C74: 40.9 | D74: 38.22 | E74: 35.4 | F74: 40.15 | G74: 2499 | H74: 19 | I74: =AND(COUNTIF(CO!A:A,A74)>0,COUNTIF('NO2'!A:A,A74)>0,COUNTIF('O3'!A:A,A74)>0,COUNTIF('PM10'!A:A,A74)>0,COUNTIF('SO2'!A:A,A74)>0,COUNTIF(Kendaraan!A:A,A74)>0) -> TRUE
A75: 45458 | B75: 28.73 | C75: 38.96 | D75: 34.33 | E75: 32.1 | F75: 34.81 | G75: 2519 | H75: 23 | I75: =AND(COUNTIF(CO!A:A,A75)>0,COUNTIF('NO2'!A:A,A75)>0,COUNTIF('O3'!A:A,A75)>0,COUNTIF('PM10'!A:A,A75)>0,COUNTIF('SO2'!A:A,A75)>0,COUNTIF(Kendaraan!A:A,A75)>0) -> TRUE
A76: 45459 | B76: 37.46 | C76: 48.83 | D76: 44.92 | E76: 41.64 | F76: 47.3 | G76: 3282 | H76: 24 | I76: =AND(COUNTIF(CO!A:A,A76)>0,COUNTIF('NO2'!A:A,A76)>0,COUNTIF('O3'!A:A,A76)>0,COUNTIF('PM10'!A:A,A76)>0,COUNTIF('SO2'!A:A,A76)>0,COUNTIF(Kendaraan!A:A,A76)>0) -> TRUE
A77: 45460 | B77: 23.19 | C77: 45.23 | D77: 32.2 | E77: 25.71 | F77: 37.07 | G77: 6.84 | H77: 24 | I77: =AND(COUNTIF(CO!A:A,A77)>0,COUNTIF('NO2'!A:A,A77)>0,COUNTIF('O3'!A:A,A77)>0,COUNTIF('PM10'!A:A,A77)>0,COUNTIF('SO2'!A:A,A77)>0,COUNTIF(Kendaraan!A:A,A77)>0) -> TRUE
A78: 45461 | B78: 36.54 | C78: 54.52 | D78: 47.45 | E78: 42.72 | F78: 51.57 | G78: 5614 | H78: 24 | I78: =AND(COUNTIF(CO!A:A,A78)>0,COUNTIF('NO2'!A:A,A78)>0,COUNTIF('O3'!A:A,A78)>0,COUNTIF('PM10'!A:A,A78)>0,COUNTIF('SO2'!A:A,A78)>0,COUNTIF(Kendaraan!A:A,A78)>0) -> TRUE
A79: 45462 | B79: 29.46 | C79: 36.22 | D79: 30.55 | E79: 29.95 | F79: 32.04 | G79: 2088 | H79: 24 | I79: =AND(COUNTIF(CO!A:A,A79)>0,COUNTIF('NO2'!A:A,A79)>0,COUNTIF('O3'!A:A,A79)>0,COUNTIF('PM10'!A:A,A79)>0,COUNTIF('SO2'!A:A,A79)>0,COUNTIF(Kendaraan!A:A,A79)>0) -> TRUE
A80: 45463 | B80: 26.29 | C80: 33.11 | D80: 31.81 | E80: 29.95 | F80: 32.58 | G80: 1926 | H80: 24 | I80: =AND(COUNTIF(CO!A:A,A80)>0,COUNTIF('NO2'!A:A,A80)>0,COUNTIF('O3'!A:A,A80)>0,COUNTIF('PM10'!A:A,A80)>0,COUNTIF('SO2'!A:A,A80)>0,COUNTIF(Kendaraan!A:A,A80)>0) -> TRUE
A81: 45464 | B81: 18.54 | C81: 25.81 | D81: 20.49 | E81: 19.37 | F81: 22.48 | G81: 2172 | H81: 24 | I81: =AND(COUNTIF(CO!A:A,A81)>0,COUNTIF('NO2'!A:A,A81)>0,COUNTIF('O3'!A:A,A81)>0,COUNTIF('PM10'!A:A,A81)>0,COUNTIF('SO2'!A:A,A81)>0,COUNTIF(Kendaraan!A:A,A81)>0) -> TRUE
A82: 45465 | B82: 19.88 | C82: 22.9 | D82: 22.26 | E82: 21.38 | F82: 22.8 | G82: 0.923 | H82: 24 | I82: =AND(COUNTIF(CO!A:A,A82)>0,COUNTIF('NO2'!A:A,A82)>0,COUNTIF('O3'!A:A,A82)>0,COUNTIF('PM10'!A:A,A82)>0,COUNTIF('SO2'!A:A,A82)>0,COUNTIF(Kendaraan!A:A,A82)>0) -> TRUE
A83: 45466 | B83: 18.46 | C83: 19.55 | D83: 19.03 | E83: 18.76 | F83: 19.22 | G83: 0.287 | H83: 24 | I83: =AND(COUNTIF(CO!A:A,A83)>0,COUNTIF('NO2'!A:A,A83)>0,COUNTIF('O3'!A:A,A83)>0,COUNTIF('PM10'!A:A,A83)>0,COUNTIF('SO2'!A:A,A83)>0,COUNTIF(Kendaraan!A:A,A83)>0) -> TRUE
A84: 45467 | B84: 18.1 | C84: 20.44 | D84: 19.2 | E84: 18.69 | F84: 19.47 | G84: 0.59 | H84: 24 | I84: =AND(COUNTIF(CO!A:A,A84)>0,COUNTIF('NO2'!A:A,A84)>0,COUNTIF('O3'!A:A,A84)>0,COUNTIF('PM10'!A:A,A84)>0,COUNTIF('SO2'!A:A,A84)>0,COUNTIF(Kendaraan!A:A,A84)>0) -> TRUE
A85: 45468 | B85: 19.98 | C85: 21.69 | D85: 20.71 | E85: 20.25 | F85: 21.16 | G85: 0.5 | H85: 24 | I85: =AND(COUNTIF(CO!A:A,A85)>0,COUNTIF('NO2'!A:A,A85)>0,COUNTIF('O3'!A:A,A85)>0,COUNTIF('PM10'!A:A,A85)>0,COUNTIF('SO2'!A:A,A85)>0,COUNTIF(Kendaraan!A:A,A85)>0) -> TRUE
A86: 45469 | B86: 19.71 | C86: 25.75 | D86: 22.79 | E86: 21.08 | F86: 25.3 | G86: 2187 | H86: 24 | I86: =AND(COUNTIF(CO!A:A,A86)>0,COUNTIF('NO2'!A:A,A86)>0,COUNTIF('O3'!A:A,A86)>0,COUNTIF('PM10'!A:A,A86)>0,COUNTIF('SO2'!A:A,A86)>0,COUNTIF(Kendaraan!A:A,A86)>0) -> TRUE
A87: 45470 | B87: 20.02 | C87: 24.83 | D87: 22.35 | E87: 20.3 | F87: 24.5 | G87: 2017 | H87: 23 | I87: =AND(COUNTIF(CO!A:A,A87)>0,COUNTIF('NO2'!A:A,A87)>0,COUNTIF('O3'!A:A,A87)>0,COUNTIF('PM10'!A:A,A87)>0,COUNTIF('SO2'!A:A,A87)>0,COUNTIF(Kendaraan!A:A,A87)>0) -> TRUE
A88: 45471 | B88: 19.78 | C88: 28.23 | D88: 24.35 | E88: 23 | F88: 26.48 | G88: 2.42 | H88: 23 | I88: =AND(COUNTIF(CO!A:A,A88)>0,COUNTIF('NO2'!A:A,A88)>0,COUNTIF('O3'!A:A,A88)>0,COUNTIF('PM10'!A:A,A88)>0,COUNTIF('SO2'!A:A,A88)>0,COUNTIF(Kendaraan!A:A,A88)>0) -> TRUE
A89: 45472 | B89: 20.98 | C89: 29.42 | D89: 26.11 | E89: 23.5 | F89: 28.33 | G89: 2704 | H89: 24 | I89: =AND(COUNTIF(CO!A:A,A89)>0,COUNTIF('NO2'!A:A,A89)>0,COUNTIF('O3'!A:A,A89)>0,COUNTIF('PM10'!A:A,A89)>0,COUNTIF('SO2'!A:A,A89)>0,COUNTIF(Kendaraan!A:A,A89)>0) -> TRUE
A90: 45473 | B90: 12.42 | C90: 20.17 | D90: 12.89 | E90: 12.63 | F90: 15.28 | G90: 2344 | H90: 24 | I90: =AND(COUNTIF(CO!A:A,A90)>0,COUNTIF('NO2'!A:A,A90)>0,COUNTIF('O3'!A:A,A90)>0,COUNTIF('PM10'!A:A,A90)>0,COUNTIF('SO2'!A:A,A90)>0,COUNTIF(Kendaraan!A:A,A90)>0) -> TRUE
A91: 45474 | B91: 13.69 | C91: 21.38 | D91: 17.17 | E91: 14.65 | F91: 19.44 | G91: 2574 | H91: 24 | I91: =AND(COUNTIF(CO!A:A,A91)>0,COUNTIF('NO2'!A:A,A91)>0,COUNTIF('O3'!A:A,A91)>0,COUNTIF('PM10'!A:A,A91)>0,COUNTIF('SO2'!A:A,A91)>0,COUNTIF(Kendaraan!A:A,A91)>0) -> TRUE
A92: 45475 | B92: 19.82 | C92: 24.29 | D92: 22.53 | E92: 21.52 | F92: 23.74 | G92: 1325 | H92: 24 | I92: =AND(COUNTIF(CO!A:A,A92)>0,COUNTIF('NO2'!A:A,A92)>0,COUNTIF('O3'!A:A,A92)>0,COUNTIF('PM10'!A:A,A92)>0,COUNTIF('SO2'!A:A,A92)>0,COUNTIF(Kendaraan!A:A,A92)>0) -> TRUE
A93: 45476 | B93: 15.71 | C93: 19.48 | D93: 16.73 | E93: 16.48 | F93: 16.94 | G93: 0.855 | H93: 23 | I93: =AND(COUNTIF(CO!A:A,A93)>0,COUNTIF('NO2'!A:A,A93)>0,COUNTIF('O3'!A:A,A93)>0,COUNTIF('PM10'!A:A,A93)>0,COUNTIF('SO2'!A:A,A93)>0,COUNTIF(Kendaraan!A:A,A93)>0) -> TRUE
A94: 45477 | B94: 13.29 | C94: 16.29 | D94: 14.88 | E94: 14.56 | F94: 15.52 | G94: 0.746 | H94: 24 | I94: =AND(COUNTIF(CO!A:A,A94)>0,COUNTIF('NO2'!A:A,A94)>0,COUNTIF('O3'!A:A,A94)>0,COUNTIF('PM10'!A:A,A94)>0,COUNTIF('SO2'!A:A,A94)>0,COUNTIF(Kendaraan!A:A,A94)>0) -> TRUE
A95: 45478 | B95: 15.21 | C95: 29.31 | D95: 17.8 | E95: 16.72 | F95: 23.37 | G95: 4536 | H95: 24 | I95: =AND(COUNTIF(CO!A:A,A95)>0,COUNTIF('NO2'!A:A,A95)>0,COUNTIF('O3'!A:A,A95)>0,COUNTIF('PM10'!A:A,A95)>0,COUNTIF('SO2'!A:A,A95)>0,COUNTIF(Kendaraan!A:A,A95)>0) -> TRUE
A96: 45479 | B96: 22.15 | C96: 36.08 | D96: 31.07 | E96: 27.05 | F96: 33.77 | G96: 4.39 | H96: 24 | I96: =AND(COUNTIF(CO!A:A,A96)>0,COUNTIF('NO2'!A:A,A96)>0,COUNTIF('O3'!A:A,A96)>0,COUNTIF('PM10'!A:A,A96)>0,COUNTIF('SO2'!A:A,A96)>0,COUNTIF(Kendaraan!A:A,A96)>0) -> TRUE
A97: 45480 | B97: 21.58 | C97: 32.27 | D97: 24.35 | E97: 22.77 | F97: 29.05 | G97: 3542 | H97: 24 | I97: =AND(COUNTIF(CO!A:A,A97)>0,COUNTIF('NO2'!A:A,A97)>0,COUNTIF('O3'!A:A,A97)>0,COUNTIF('PM10'!A:A,A97)>0,COUNTIF('SO2'!A:A,A97)>0,COUNTIF(Kendaraan!A:A,A97)>0) -> TRUE
A98: 45481 | B98: 25.73 | C98: 34.56 | D98: 31.8 | E98: 28.74 | F98: 33.04 | G98: 2642 | H98: 24 | I98: =AND(COUNTIF(CO!A:A,A98)>0,COUNTIF('NO2'!A:A,A98)>0,COUNTIF('O3'!A:A,A98)>0,COUNTIF('PM10'!A:A,A98)>0,COUNTIF('SO2'!A:A,A98)>0,COUNTIF(Kendaraan!A:A,A98)>0) -> TRUE
A99: 45482 | B99: 23.44 | C99: 38.21 | D99: 25.96 | E99: 24.02 | F99: 31.54 | G99: 4675 | H99: 24 | I99: =AND(COUNTIF(CO!A:A,A99)>0,COUNTIF('NO2'!A:A,A99)>0,COUNTIF('O3'!A:A,A99)>0,COUNTIF('PM10'!A:A,A99)>0,COUNTIF('SO2'!A:A,A99)>0,COUNTIF(Kendaraan!A:A,A99)>0) -> TRUE
A100: 45483 | B100: 34.11 | C100: 40.19 | D100: 39.08 | E100: 37.92 | F100: 39.9 | G100: 1824 | H100: 15 | I100: =AND(COUNTIF(CO!A:A,A100)>0,COUNTIF('NO2'!A:A,A100)>0,COUNTIF('O3'!A:A,A100)>0,COUNTIF('PM10'!A:A,A100)>0,COUNTIF('SO2'!A:A,A100)>0,COUNTIF(Kendaraan!A:A,A100)>0) -> TRUE
...

Sheet SO2
A1: date | B1: min | C1: max | D1: median | E1: q1 | F1: q3 | G1: stdev | H1: count | I1: cek
A2: 45337 | B2: 36 | C2: 41.12 | D2: 39.89 | E2: 38.92 | F2: 40.71 | G2: 1375 | H2: 24 | I2: =AND(COUNTIF(CO!A:A,A2)>0,COUNTIF('NO2'!A:A,A2)>0,COUNTIF('O3'!A:A,A2)>0,COUNTIF('PM10'!A:A,A2)>0,COUNTIF('PM2.5'!A:A,A2)>0,COUNTIF(Kendaraan!A:A,A2)>0) -> TRUE
A3: 45338 | B3: 35.83 | C3: 64.75 | D3: 44.29 | E3: 39.58 | F3: 53.52 | G3: 8643 | H3: 24 | I3: =AND(COUNTIF(CO!A:A,A3)>0,COUNTIF('NO2'!A:A,A3)>0,COUNTIF('O3'!A:A,A3)>0,COUNTIF('PM10'!A:A,A3)>0,COUNTIF('PM2.5'!A:A,A3)>0,COUNTIF(Kendaraan!A:A,A3)>0) -> TRUE
A4: 45342 | B4: 0.04 | C4: 49.35 | D4: 18.2 | E4: 4.51 | F4: 34.46 | G4: 16234 | H4: 24 | I4: =AND(COUNTIF(CO!A:A,A4)>0,COUNTIF('NO2'!A:A,A4)>0,COUNTIF('O3'!A:A,A4)>0,COUNTIF('PM10'!A:A,A4)>0,COUNTIF('PM2.5'!A:A,A4)>0,COUNTIF(Kendaraan!A:A,A4)>0) -> TRUE
A5: 45343 | B5: 52.06 | C5: 76 | D5: 68.34 | E5: 64.06 | F5: 72.34 | G5: 6296 | H5: 24 | I5: =AND(COUNTIF(CO!A:A,A5)>0,COUNTIF('NO2'!A:A,A5)>0,COUNTIF('O3'!A:A,A5)>0,COUNTIF('PM10'!A:A,A5)>0,COUNTIF('PM2.5'!A:A,A5)>0,COUNTIF(Kendaraan!A:A,A5)>0) -> TRUE
A6: 45344 | B6: 76.67 | C6: 81 | D6: 81 | E6: 80.34 | F6: 81 | G6: 1282 | H6: 24 | I6: =AND(COUNTIF(CO!A:A,A6)>0,COUNTIF('NO2'!A:A,A6)>0,COUNTIF('O3'!A:A,A6)>0,COUNTIF('PM10'!A:A,A6)>0,COUNTIF('PM2.5'!A:A,A6)>0,COUNTIF(Kendaraan!A:A,A6)>0) -> TRUE
A7: 45372 | B7: 18.35 | C7: 18.79 | D7: 18.69 | E7: 18.51 | F7: 18.76 | G7: 0.145 | H7: 9 | I7: =AND(COUNTIF(CO!A:A,A7)>0,COUNTIF('NO2'!A:A,A7)>0,COUNTIF('O3'!A:A,A7)>0,COUNTIF('PM10'!A:A,A7)>0,COUNTIF('PM2.5'!A:A,A7)>0,COUNTIF(Kendaraan!A:A,A7)>0) -> TRUE
A8: 45373 | B8: 21.4 | C8: 21.46 | D8: 21.42 | E8: 21.41 | F8: 21.44 | G8: 0.022 | H8: 4 | I8: =AND(COUNTIF(CO!A:A,A8)>0,COUNTIF('NO2'!A:A,A8)>0,COUNTIF('O3'!A:A,A8)>0,COUNTIF('PM10'!A:A,A8)>0,COUNTIF('PM2.5'!A:A,A8)>0,COUNTIF(Kendaraan!A:A,A8)>0) -> TRUE
A9: 45377 | B9: 17.46 | C9: 17.46 | D9: 17.46 | E9: 17.46 | F9: 17.46 | G9: 0 | H9: 1 | I9: =AND(COUNTIF(CO!A:A,A9)>0,COUNTIF('NO2'!A:A,A9)>0,COUNTIF('O3'!A:A,A9)>0,COUNTIF('PM10'!A:A,A9)>0,COUNTIF('PM2.5'!A:A,A9)>0,COUNTIF(Kendaraan!A:A,A9)>0) -> TRUE
A10: 45383 | B10: 19.35 | C10: 23.44 | D10: 20.17 | E10: 19.6 | F10: 21.88 | G10: 1244 | H10: 21 | I10: =AND(COUNTIF(CO!A:A,A10)>0,COUNTIF('NO2'!A:A,A10)>0,COUNTIF('O3'!A:A,A10)>0,COUNTIF('PM10'!A:A,A10)>0,COUNTIF('PM2.5'!A:A,A10)>0,COUNTIF(Kendaraan!A:A,A10)>0) -> TRUE
A11: 45384 | B11: 23.19 | C11: 25.19 | D11: 24.49 | E11: 24.14 | F11: 24.73 | G11: 0.46 | H11: 24 | I11: =AND(COUNTIF(CO!A:A,A11)>0,COUNTIF('NO2'!A:A,A11)>0,COUNTIF('O3'!A:A,A11)>0,COUNTIF('PM10'!A:A,A11)>0,COUNTIF('PM2.5'!A:A,A11)>0,COUNTIF(Kendaraan!A:A,A11)>0) -> TRUE
A12: 45385 | B12: 20.29 | C12: 22.94 | D12: 22.4 | E12: 20.92 | F12: 22.7 | G12: 0.902 | H12: 24 | I12: =AND(COUNTIF(CO!A:A,A12)>0,COUNTIF('NO2'!A:A,A12)>0,COUNTIF('O3'!A:A,A12)>0,COUNTIF('PM10'!A:A,A12)>0,COUNTIF('PM2.5'!A:A,A12)>0,COUNTIF(Kendaraan!A:A,A12)>0) -> TRUE
A13: 45386 | B13: 18.88 | C13: 20.29 | D13: 19.25 | E13: 19.14 | F13: 19.67 | G13: 0.392 | H13: 24 | I13: =AND(COUNTIF(CO!A:A,A13)>0,COUNTIF('NO2'!A:A,A13)>0,COUNTIF('O3'!A:A,A13)>0,COUNTIF('PM10'!A:A,A13)>0,COUNTIF('PM2.5'!A:A,A13)>0,COUNTIF(Kendaraan!A:A,A13)>0) -> TRUE
A14: 45387 | B14: 17.75 | C14: 19.05 | D14: 18.29 | E14: 17.96 | F14: 18.62 | G14: 0.394 | H14: 23 | I14: =AND(COUNTIF(CO!A:A,A14)>0,COUNTIF('NO2'!A:A,A14)>0,COUNTIF('O3'!A:A,A14)>0,COUNTIF('PM10'!A:A,A14)>0,COUNTIF('PM2.5'!A:A,A14)>0,COUNTIF(Kendaraan!A:A,A14)>0) -> TRUE
A15: 45388 | B15: 17.79 | C15: 21.75 | D15: 18.37 | E15: 17.92 | F15: 19.91 | G15: 1221 | H15: 24 | I15: =AND(COUNTIF(CO!A:A,A15)>0,COUNTIF('NO2'!A:A,A15)>0,COUNTIF('O3'!A:A,A15)>0,COUNTIF('PM10'!A:A,A15)>0,COUNTIF('PM2.5'!A:A,A15)>0,COUNTIF(Kendaraan!A:A,A15)>0) -> TRUE
A16: 45389 | B16: 22.25 | C16: 33.31 | D16: 23.53 | E16: 23.23 | F16: 30.31 | G16: 4014 | H16: 24 | I16: =AND(COUNTIF(CO!A:A,A16)>0,COUNTIF('NO2'!A:A,A16)>0,COUNTIF('O3'!A:A,A16)>0,COUNTIF('PM10'!A:A,A16)>0,COUNTIF('PM2.5'!A:A,A16)>0,COUNTIF(Kendaraan!A:A,A16)>0) -> TRUE
A17: 45390 | B17: 26.52 | C17: 33.08 | D17: 32.15 | E17: 29.38 | F17: 32.47 | G17: 2215 | H17: 24 | I17: =AND(COUNTIF(CO!A:A,A17)>0,COUNTIF('NO2'!A:A,A17)>0,COUNTIF('O3'!A:A,A17)>0,COUNTIF('PM10'!A:A,A17)>0,COUNTIF('PM2.5'!A:A,A17)>0,COUNTIF(Kendaraan!A:A,A17)>0) -> TRUE
A18: 45391 | B18: 27.04 | C18: 30.42 | D18: 28.79 | E18: 27.66 | F18: 30.02 | G18: 1159 | H18: 24 | I18: =AND(COUNTIF(CO!A:A,A18)>0,COUNTIF('NO2'!A:A,A18)>0,COUNTIF('O3'!A:A,A18)>0,COUNTIF('PM10'!A:A,A18)>0,COUNTIF('PM2.5'!A:A,A18)>0,COUNTIF(Kendaraan!A:A,A18)>0) -> TRUE
A19: 45392 | B19: 25.94 | C19: 30.6 | D19: 29.24 | E19: 27.56 | F19: 30.4 | G19: 1.6 | H19: 24 | I19: =AND(COUNTIF(CO!A:A,A19)>0,COUNTIF('NO2'!A:A,A19)>0,COUNTIF('O3'!A:A,A19)>0,COUNTIF('PM10'!A:A,A19)>0,COUNTIF('PM2.5'!A:A,A19)>0,COUNTIF(Kendaraan!A:A,A19)>0) -> TRUE
A20: 45393 | B20: 24.31 | C20: 30.65 | D20: 29.65 | E20: 26.91 | F20: 30.19 | G20: 2069 | H20: 24 | I20: =AND(COUNTIF(CO!A:A,A20)>0,COUNTIF('NO2'!A:A,A20)>0,COUNTIF('O3'!A:A,A20)>0,COUNTIF('PM10'!A:A,A20)>0,COUNTIF('PM2.5'!A:A,A20)>0,COUNTIF(Kendaraan!A:A,A20)>0) -> TRUE
A21: 45394 | B21: 23.69 | C21: 32.54 | D21: 25.38 | E21: 23.9 | F21: 28.99 | G21: 3075 | H21: 24 | I21: =AND(COUNTIF(CO!A:A,A21)>0,COUNTIF('NO2'!A:A,A21)>0,COUNTIF('O3'!A:A,A21)>0,COUNTIF('PM10'!A:A,A21)>0,COUNTIF('PM2.5'!A:A,A21)>0,COUNTIF(Kendaraan!A:A,A21)>0) -> TRUE
A22: 45395 | B22: 29.96 | C22: 32.88 | D22: 31.71 | E22: 30.86 | F22: 32.56 | G22: 0.932 | H22: 24 | I22: =AND(COUNTIF(CO!A:A,A22)>0,COUNTIF('NO2'!A:A,A22)>0,COUNTIF('O3'!A:A,A22)>0,COUNTIF('PM10'!A:A,A22)>0,COUNTIF('PM2.5'!A:A,A22)>0,COUNTIF(Kendaraan!A:A,A22)>0) -> TRUE
A23: 45396 | B23: 26.29 | C23: 32.22 | D23: 31.51 | E23: 28.86 | F23: 31.85 | G23: 1999 | H23: 24 | I23: =AND(COUNTIF(CO!A:A,A23)>0,COUNTIF('NO2'!A:A,A23)>0,COUNTIF('O3'!A:A,A23)>0,COUNTIF('PM10'!A:A,A23)>0,COUNTIF('PM2.5'!A:A,A23)>0,COUNTIF(Kendaraan!A:A,A23)>0) -> TRUE
A24: 45397 | B24: 19.05 | C24: 25.65 | D24: 23.68 | E24: 21.07 | F24: 24.77 | G24: 2106 | H24: 24 | I24: =AND(COUNTIF(CO!A:A,A24)>0,COUNTIF('NO2'!A:A,A24)>0,COUNTIF('O3'!A:A,A24)>0,COUNTIF('PM10'!A:A,A24)>0,COUNTIF('PM2.5'!A:A,A24)>0,COUNTIF(Kendaraan!A:A,A24)>0) -> TRUE
A25: 45398 | B25: 18.1 | C25: 19.85 | D25: 19.13 | E25: 18.46 | F25: 19.57 | G25: 0.595 | H25: 24 | I25: =AND(COUNTIF(CO!A:A,A25)>0,COUNTIF('NO2'!A:A,A25)>0,COUNTIF('O3'!A:A,A25)>0,COUNTIF('PM10'!A:A,A25)>0,COUNTIF('PM2.5'!A:A,A25)>0,COUNTIF(Kendaraan!A:A,A25)>0) -> TRUE
A26: 45399 | B26: 17.35 | C26: 20.96 | D26: 18.07 | E26: 17.82 | F26: 19.05 | G26: 1104 | H26: 24 | I26: =AND(COUNTIF(CO!A:A,A26)>0,COUNTIF('NO2'!A:A,A26)>0,COUNTIF('O3'!A:A,A26)>0,COUNTIF('PM10'!A:A,A26)>0,COUNTIF('PM2.5'!A:A,A26)>0,COUNTIF(Kendaraan!A:A,A26)>0) -> TRUE
A27: 45400 | B27: 21.12 | C27: 21.9 | D27: 21.42 | E27: 21.2 | F27: 21.67 | G27: 0.254 | H27: 24 | I27: =AND(COUNTIF(CO!A:A,A27)>0,COUNTIF('NO2'!A:A,A27)>0,COUNTIF('O3'!A:A,A27)>0,COUNTIF('PM10'!A:A,A27)>0,COUNTIF('PM2.5'!A:A,A27)>0,COUNTIF(Kendaraan!A:A,A27)>0) -> TRUE
A28: 45401 | B28: 21.79 | C28: 23.6 | D28: 22.92 | E28: 22.69 | F28: 23.12 | G28: 0.388 | H28: 24 | I28: =AND(COUNTIF(CO!A:A,A28)>0,COUNTIF('NO2'!A:A,A28)>0,COUNTIF('O3'!A:A,A28)>0,COUNTIF('PM10'!A:A,A28)>0,COUNTIF('PM2.5'!A:A,A28)>0,COUNTIF(Kendaraan!A:A,A28)>0) -> TRUE
A29: 45402 | B29: 22.75 | C29: 24.69 | D29: 23.14 | E29: 22.96 | F29: 24.28 | G29: 0.675 | H29: 24 | I29: =AND(COUNTIF(CO!A:A,A29)>0,COUNTIF('NO2'!A:A,A29)>0,COUNTIF('O3'!A:A,A29)>0,COUNTIF('PM10'!A:A,A29)>0,COUNTIF('PM2.5'!A:A,A29)>0,COUNTIF(Kendaraan!A:A,A29)>0) -> TRUE
A30: 45403 | B30: 22.35 | C30: 24.4 | D30: 23.94 | E30: 22.95 | F30: 24.26 | G30: 0.712 | H30: 24 | I30: =AND(COUNTIF(CO!A:A,A30)>0,COUNTIF('NO2'!A:A,A30)>0,COUNTIF('O3'!A:A,A30)>0,COUNTIF('PM10'!A:A,A30)>0,COUNTIF('PM2.5'!A:A,A30)>0,COUNTIF(Kendaraan!A:A,A30)>0) -> TRUE
A31: 45404 | B31: 18.05 | C31: 23.06 | D31: 22.14 | E31: 20.23 | F31: 22.56 | G31: 1524 | H31: 24 | I31: =AND(COUNTIF(CO!A:A,A31)>0,COUNTIF('NO2'!A:A,A31)>0,COUNTIF('O3'!A:A,A31)>0,COUNTIF('PM10'!A:A,A31)>0,COUNTIF('PM2.5'!A:A,A31)>0,COUNTIF(Kendaraan!A:A,A31)>0) -> TRUE
A32: 45405 | B32: 17.5 | C32: 34.33 | D32: 19.36 | E32: 17.85 | F32: 27.24 | G32: 5874 | H32: 24 | I32: =AND(COUNTIF(CO!A:A,A32)>0,COUNTIF('NO2'!A:A,A32)>0,COUNTIF('O3'!A:A,A32)>0,COUNTIF('PM10'!A:A,A32)>0,COUNTIF('PM2.5'!A:A,A32)>0,COUNTIF(Kendaraan!A:A,A32)>0) -> TRUE
A33: 45406 | B33: 27.29 | C33: 37.58 | D33: 36.53 | E33: 32.31 | F33: 37.28 | G33: 3605 | H33: 24 | I33: =AND(COUNTIF(CO!A:A,A33)>0,COUNTIF('NO2'!A:A,A33)>0,COUNTIF('O3'!A:A,A33)>0,COUNTIF('PM10'!A:A,A33)>0,COUNTIF('PM2.5'!A:A,A33)>0,COUNTIF(Kendaraan!A:A,A33)>0) -> TRUE
A34: 45407 | B34: 18.5 | C34: 27.12 | D34: 24.76 | E34: 21.1 | F34: 25.98 | G34: 2.79 | H34: 24 | I34: =AND(COUNTIF(CO!A:A,A34)>0,COUNTIF('NO2'!A:A,A34)>0,COUNTIF('O3'!A:A,A34)>0,COUNTIF('PM10'!A:A,A34)>0,COUNTIF('PM2.5'!A:A,A34)>0,COUNTIF(Kendaraan!A:A,A34)>0) -> TRUE
A35: 45408 | B35: 16.3 | C35: 18.5 | D35: 16.84 | E35: 16.63 | F35: 17.02 | G35: 0.568 | H35: 24 | I35: =AND(COUNTIF(CO!A:A,A35)>0,COUNTIF('NO2'!A:A,A35)>0,COUNTIF('O3'!A:A,A35)>0,COUNTIF('PM10'!A:A,A35)>0,COUNTIF('PM2.5'!A:A,A35)>0,COUNTIF(Kendaraan!A:A,A35)>0) -> TRUE
A36: 45409 | B36: 14.88 | C36: 20.19 | D36: 15.18 | E36: 15.07 | F36: 15.86 | G36: 1328 | H36: 24 | I36: =AND(COUNTIF(CO!A:A,A36)>0,COUNTIF('NO2'!A:A,A36)>0,COUNTIF('O3'!A:A,A36)>0,COUNTIF('PM10'!A:A,A36)>0,COUNTIF('PM2.5'!A:A,A36)>0,COUNTIF(Kendaraan!A:A,A36)>0) -> TRUE
A37: 45410 | B37: 20.73 | C37: 24.08 | D37: 22.69 | E37: 21.96 | F37: 23.41 | G37: 0.987 | H37: 24 | I37: =AND(COUNTIF(CO!A:A,A37)>0,COUNTIF('NO2'!A:A,A37)>0,COUNTIF('O3'!A:A,A37)>0,COUNTIF('PM10'!A:A,A37)>0,COUNTIF('PM2.5'!A:A,A37)>0,COUNTIF(Kendaraan!A:A,A37)>0) -> TRUE
A38: 45411 | B38: 19.04 | C38: 20.07 | D38: 19.32 | E38: 19.27 | F38: 19.55 | G38: 0.296 | H38: 24 | I38: =AND(COUNTIF(CO!A:A,A38)>0,COUNTIF('NO2'!A:A,A38)>0,COUNTIF('O3'!A:A,A38)>0,COUNTIF('PM10'!A:A,A38)>0,COUNTIF('PM2.5'!A:A,A38)>0,COUNTIF(Kendaraan!A:A,A38)>0) -> TRUE
A39: 45412 | B39: 20.71 | C39: 24.94 | D39: 22.8 | E39: 21.12 | F39: 24.21 | G39: 1444 | H39: 24 | I39: =AND(COUNTIF(CO!A:A,A39)>0,COUNTIF('NO2'!A:A,A39)>0,COUNTIF('O3'!A:A,A39)>0,COUNTIF('PM10'!A:A,A39)>0,COUNTIF('PM2.5'!A:A,A39)>0,COUNTIF(Kendaraan!A:A,A39)>0) -> TRUE
A40: 45413 | B40: 21.85 | C40: 24.17 | D40: 22.35 | E40: 22.03 | F40: 23.93 | G40: 0.892 | H40: 24 | I40: =AND(COUNTIF(CO!A:A,A40)>0,COUNTIF('NO2'!A:A,A40)>0,COUNTIF('O3'!A:A,A40)>0,COUNTIF('PM10'!A:A,A40)>0,COUNTIF('PM2.5'!A:A,A40)>0,COUNTIF(Kendaraan!A:A,A40)>0) -> TRUE
A41: 45414 | B41: 21.4 | C41: 22.79 | D41: 22.01 | E41: 21.78 | F41: 22.34 | G41: 0.357 | H41: 24 | I41: =AND(COUNTIF(CO!A:A,A41)>0,COUNTIF('NO2'!A:A,A41)>0,COUNTIF('O3'!A:A,A41)>0,COUNTIF('PM10'!A:A,A41)>0,COUNTIF('PM2.5'!A:A,A41)>0,COUNTIF(Kendaraan!A:A,A41)>0) -> TRUE
A42: 45415 | B42: 21.04 | C42: 22.94 | D42: 21.24 | E42: 21.16 | F42: 22.45 | G42: 0.675 | H42: 24 | I42: =AND(COUNTIF(CO!A:A,A42)>0,COUNTIF('NO2'!A:A,A42)>0,COUNTIF('O3'!A:A,A42)>0,COUNTIF('PM10'!A:A,A42)>0,COUNTIF('PM2.5'!A:A,A42)>0,COUNTIF(Kendaraan!A:A,A42)>0) -> TRUE
A43: 45416 | B43: 22.33 | C43: 22.98 | D43: 22.84 | E43: 22.6 | F43: 22.87 | G43: 0.208 | H43: 16 | I43: =AND(COUNTIF(CO!A:A,A43)>0,COUNTIF('NO2'!A:A,A43)>0,COUNTIF('O3'!A:A,A43)>0,COUNTIF('PM10'!A:A,A43)>0,COUNTIF('PM2.5'!A:A,A43)>0,COUNTIF(Kendaraan!A:A,A43)>0) -> TRUE
A44: 45417 | B44: 23.21 | C44: 24.21 | D44: 23.77 | E44: 23.38 | F44: 24.15 | G44: 0.367 | H44: 20 | I44: =AND(COUNTIF(CO!A:A,A44)>0,COUNTIF('NO2'!A:A,A44)>0,COUNTIF('O3'!A:A,A44)>0,COUNTIF('PM10'!A:A,A44)>0,COUNTIF('PM2.5'!A:A,A44)>0,COUNTIF(Kendaraan!A:A,A44)>0) -> TRUE
A45: 45418 | B45: 22.31 | C45: 23.79 | D45: 22.88 | E45: 22.57 | F45: 23.22 | G45: 0.431 | H45: 24 | I45: =AND(COUNTIF(CO!A:A,A45)>0,COUNTIF('NO2'!A:A,A45)>0,COUNTIF('O3'!A:A,A45)>0,COUNTIF('PM10'!A:A,A45)>0,COUNTIF('PM2.5'!A:A,A45)>0,COUNTIF(Kendaraan!A:A,A45)>0) -> TRUE
A46: 45419 | B46: 23.27 | C46: 25.38 | D46: 24.41 | E46: 23.46 | F46: 25.08 | G46: 0.756 | H46: 24 | I46: =AND(COUNTIF(CO!A:A,A46)>0,COUNTIF('NO2'!A:A,A46)>0,COUNTIF('O3'!A:A,A46)>0,COUNTIF('PM10'!A:A,A46)>0,COUNTIF('PM2.5'!A:A,A46)>0,COUNTIF(Kendaraan!A:A,A46)>0) -> TRUE
A47: 45420 | B47: 22.81 | C47: 29.46 | D47: 23.5 | E47: 23.23 | F47: 25.92 | G47: 1982 | H47: 24 | I47: =AND(COUNTIF(CO!A:A,A47)>0,COUNTIF('NO2'!A:A,A47)>0,COUNTIF('O3'!A:A,A47)>0,COUNTIF('PM10'!A:A,A47)>0,COUNTIF('PM2.5'!A:A,A47)>0,COUNTIF(Kendaraan!A:A,A47)>0) -> TRUE
A48: 45421 | B48: 28.25 | C48: 33 | D48: 31.69 | E48: 30.25 | F48: 32.42 | G48: 1338 | H48: 24 | I48: =AND(COUNTIF(CO!A:A,A48)>0,COUNTIF('NO2'!A:A,A48)>0,COUNTIF('O3'!A:A,A48)>0,COUNTIF('PM10'!A:A,A48)>0,COUNTIF('PM2.5'!A:A,A48)>0,COUNTIF(Kendaraan!A:A,A48)>0) -> TRUE
A49: 45422 | B49: 25.5 | C49: 27.77 | D49: 26.31 | E49: 25.93 | F49: 26.82 | G49: 0.573 | H49: 24 | I49: =AND(COUNTIF(CO!A:A,A49)>0,COUNTIF('NO2'!A:A,A49)>0,COUNTIF('O3'!A:A,A49)>0,COUNTIF('PM10'!A:A,A49)>0,COUNTIF('PM2.5'!A:A,A49)>0,COUNTIF(Kendaraan!A:A,A49)>0) -> TRUE
A50: 45423 | B50: 23.29 | C50: 25.25 | D50: 24.41 | E50: 23.55 | F50: 24.72 | G50: 0.634 | H50: 24 | I50: =AND(COUNTIF(CO!A:A,A50)>0,COUNTIF('NO2'!A:A,A50)>0,COUNTIF('O3'!A:A,A50)>0,COUNTIF('PM10'!A:A,A50)>0,COUNTIF('PM2.5'!A:A,A50)>0,COUNTIF(Kendaraan!A:A,A50)>0) -> TRUE
A51: 45424 | B51: 23.98 | C51: 25.44 | D51: 24.16 | E51: 24.06 | F51: 25.02 | G51: 0.535 | H51: 24 | I51: =AND(COUNTIF(CO!A:A,A51)>0,COUNTIF('NO2'!A:A,A51)>0,COUNTIF('O3'!A:A,A51)>0,COUNTIF('PM10'!A:A,A51)>0,COUNTIF('PM2.5'!A:A,A51)>0,COUNTIF(Kendaraan!A:A,A51)>0) -> TRUE
A52: 45425 | B52: 25.27 | C52: 27 | D52: 26.18 | E52: 25.91 | F52: 26.68 | G52: 0.479 | H52: 24 | I52: =AND(COUNTIF(CO!A:A,A52)>0,COUNTIF('NO2'!A:A,A52)>0,COUNTIF('O3'!A:A,A52)>0,COUNTIF('PM10'!A:A,A52)>0,COUNTIF('PM2.5'!A:A,A52)>0,COUNTIF(Kendaraan!A:A,A52)>0) -> TRUE
A53: 45426 | B53: 26.1 | C53: 27.54 | D53: 27.08 | E53: 26.46 | F53: 27.32 | G53: 0.486 | H53: 24 | I53: =AND(COUNTIF(CO!A:A,A53)>0,COUNTIF('NO2'!A:A,A53)>0,COUNTIF('O3'!A:A,A53)>0,COUNTIF('PM10'!A:A,A53)>0,COUNTIF('PM2.5'!A:A,A53)>0,COUNTIF(Kendaraan!A:A,A53)>0) -> TRUE
A54: 45427 | B54: 27.19 | C54: 28.23 | D54: 27.34 | E54: 27.23 | F54: 27.49 | G54: 0.301 | H54: 24 | I54: =AND(COUNTIF(CO!A:A,A54)>0,COUNTIF('NO2'!A:A,A54)>0,COUNTIF('O3'!A:A,A54)>0,COUNTIF('PM10'!A:A,A54)>0,COUNTIF('PM2.5'!A:A,A54)>0,COUNTIF(Kendaraan!A:A,A54)>0) -> TRUE
A55: 45428 | B55: 20.79 | C55: 27.38 | D55: 23.43 | E55: 21.65 | F55: 26.29 | G55: 2356 | H55: 24 | I55: =AND(COUNTIF(CO!A:A,A55)>0,COUNTIF('NO2'!A:A,A55)>0,COUNTIF('O3'!A:A,A55)>0,COUNTIF('PM10'!A:A,A55)>0,COUNTIF('PM2.5'!A:A,A55)>0,COUNTIF(Kendaraan!A:A,A55)>0) -> TRUE
A56: 45429 | B56: 20.71 | C56: 22.85 | D56: 21.78 | E56: 21.16 | F56: 22.5 | G56: 0.701 | H56: 24 | I56: =AND(COUNTIF(CO!A:A,A56)>0,COUNTIF('NO2'!A:A,A56)>0,COUNTIF('O3'!A:A,A56)>0,COUNTIF('PM10'!A:A,A56)>0,COUNTIF('PM2.5'!A:A,A56)>0,COUNTIF(Kendaraan!A:A,A56)>0) -> TRUE
A57: 45430 | B57: 21.52 | C57: 22.71 | D57: 22.43 | E57: 21.85 | F57: 22.54 | G57: 0.385 | H57: 24 | I57: =AND(COUNTIF(CO!A:A,A57)>0,COUNTIF('NO2'!A:A,A57)>0,COUNTIF('O3'!A:A,A57)>0,COUNTIF('PM10'!A:A,A57)>0,COUNTIF('PM2.5'!A:A,A57)>0,COUNTIF(Kendaraan!A:A,A57)>0) -> TRUE
A58: 45431 | B58: 19.27 | C58: 21.42 | D58: 20.39 | E58: 19.63 | F58: 20.73 | G58: 0.665 | H58: 24 | I58: =AND(COUNTIF(CO!A:A,A58)>0,COUNTIF('NO2'!A:A,A58)>0,COUNTIF('O3'!A:A,A58)>0,COUNTIF('PM10'!A:A,A58)>0,COUNTIF('PM2.5'!A:A,A58)>0,COUNTIF(Kendaraan!A:A,A58)>0) -> TRUE
A59: 45432 | B59: 19.3 | C59: 20.98 | D59: 19.92 | E59: 19.62 | F59: 20.44 | G59: 0.493 | H59: 24 | I59: =AND(COUNTIF(CO!A:A,A59)>0,COUNTIF('NO2'!A:A,A59)>0,COUNTIF('O3'!A:A,A59)>0,COUNTIF('PM10'!A:A,A59)>0,COUNTIF('PM2.5'!A:A,A59)>0,COUNTIF(Kendaraan!A:A,A59)>0) -> TRUE
A60: 45433 | B60: 21.1 | C60: 24.08 | D60: 21.93 | E60: 21.7 | F60: 23.48 | G60: 0.981 | H60: 24 | I60: =AND(COUNTIF(CO!A:A,A60)>0,COUNTIF('NO2'!A:A,A60)>0,COUNTIF('O3'!A:A,A60)>0,COUNTIF('PM10'!A:A,A60)>0,COUNTIF('PM2.5'!A:A,A60)>0,COUNTIF(Kendaraan!A:A,A60)>0) -> TRUE
A61: 45434 | B61: 23.21 | C61: 25.62 | D61: 23.67 | E61: 23.31 | F61: 25.38 | G61: 0.947 | H61: 18 | I61: =AND(COUNTIF(CO!A:A,A61)>0,COUNTIF('NO2'!A:A,A61)>0,COUNTIF('O3'!A:A,A61)>0,COUNTIF('PM10'!A:A,A61)>0,COUNTIF('PM2.5'!A:A,A61)>0,COUNTIF(Kendaraan!A:A,A61)>0) -> TRUE
A62: 45435 | B62: 22.48 | C62: 25.6 | D62: 25.01 | E62: 24.1 | F62: 25.44 | G62: 0.97 | H62: 18 | I62: =AND(COUNTIF(CO!A:A,A62)>0,COUNTIF('NO2'!A:A,A62)>0,COUNTIF('O3'!A:A,A62)>0,COUNTIF('PM10'!A:A,A62)>0,COUNTIF('PM2.5'!A:A,A62)>0,COUNTIF(Kendaraan!A:A,A62)>0) -> TRUE
A63: 45446 | B63: 40.96 | C63: 69.48 | D63: 51.18 | E63: 43 | F63: 65.06 | G63: 10836 | H63: 24 | I63: =AND(COUNTIF(CO!A:A,A63)>0,COUNTIF('NO2'!A:A,A63)>0,COUNTIF('O3'!A:A,A63)>0,COUNTIF('PM10'!A:A,A63)>0,COUNTIF('PM2.5'!A:A,A63)>0,COUNTIF(Kendaraan!A:A,A63)>0) -> TRUE
A64: 45447 | B64: 70.62 | C64: 111.89 | D64: 82.98 | E64: 77.22 | F64: 94.32 | G64: 11811 | H64: 24 | I64: =AND(COUNTIF(CO!A:A,A64)>0,COUNTIF('NO2'!A:A,A64)>0,COUNTIF('O3'!A:A,A64)>0,COUNTIF('PM10'!A:A,A64)>0,COUNTIF('PM2.5'!A:A,A64)>0,COUNTIF(Kendaraan!A:A,A64)>0) -> TRUE
A65: 45448 | B65: 77.11 | C65: 127.6 | D65: 113.65 | E65: 93.37 | F65: 123.07 | G65: 15951 | H65: 23 | I65: =AND(COUNTIF(CO!A:A,A65)>0,COUNTIF('NO2'!A:A,A65)>0,COUNTIF('O3'!A:A,A65)>0,COUNTIF('PM10'!A:A,A65)>0,COUNTIF('PM2.5'!A:A,A65)>0,COUNTIF(Kendaraan!A:A,A65)>0) -> TRUE
A66: 45449 | B66: 59.98 | C66: 73.72 | D66: 61.14 | E66: 60.74 | F66: 62.15 | G66: 3307 | H66: 24 | I66: =AND(COUNTIF(CO!A:A,A66)>0,COUNTIF('NO2'!A:A,A66)>0,COUNTIF('O3'!A:A,A66)>0,COUNTIF('PM10'!A:A,A66)>0,COUNTIF('PM2.5'!A:A,A66)>0,COUNTIF(Kendaraan!A:A,A66)>0) -> TRUE
A67: 45450 | B67: 62.23 | C67: 63.23 | D67: 62.57 | E67: 62.52 | F67: 62.69 | G67: 0.219 | H67: 24 | I67: =AND(COUNTIF(CO!A:A,A67)>0,COUNTIF('NO2'!A:A,A67)>0,COUNTIF('O3'!A:A,A67)>0,COUNTIF('PM10'!A:A,A67)>0,COUNTIF('PM2.5'!A:A,A67)>0,COUNTIF(Kendaraan!A:A,A67)>0) -> TRUE
A68: 45451 | B68: 61.42 | C68: 62.92 | D68: 61.99 | E68: 61.69 | F68: 62.72 | G68: 0.487 | H68: 24 | I68: =AND(COUNTIF(CO!A:A,A68)>0,COUNTIF('NO2'!A:A,A68)>0,COUNTIF('O3'!A:A,A68)>0,COUNTIF('PM10'!A:A,A68)>0,COUNTIF('PM2.5'!A:A,A68)>0,COUNTIF(Kendaraan!A:A,A68)>0) -> TRUE
A69: 45452 | B69: 62.08 | C69: 64.17 | D69: 63.02 | E69: 62.72 | F69: 63.56 | G69: 0.601 | H69: 24 | I69: =AND(COUNTIF(CO!A:A,A69)>0,COUNTIF('NO2'!A:A,A69)>0,COUNTIF('O3'!A:A,A69)>0,COUNTIF('PM10'!A:A,A69)>0,COUNTIF('PM2.5'!A:A,A69)>0,COUNTIF(Kendaraan!A:A,A69)>0) -> TRUE
A70: 45453 | B70: 61.1 | C70: 64.09 | D70: 61.95 | E70: 61.58 | F70: 62.54 | G70: 0.756 | H70: 24 | I70: =AND(COUNTIF(CO!A:A,A70)>0,COUNTIF('NO2'!A:A,A70)>0,COUNTIF('O3'!A:A,A70)>0,COUNTIF('PM10'!A:A,A70)>0,COUNTIF('PM2.5'!A:A,A70)>0,COUNTIF(Kendaraan!A:A,A70)>0) -> TRUE
A71: 45454 | B71: 64.25 | C71: 65.48 | D71: 65.18 | E71: 64.91 | F71: 65.31 | G71: 0.342 | H71: 24 | I71: =AND(COUNTIF(CO!A:A,A71)>0,COUNTIF('NO2'!A:A,A71)>0,COUNTIF('O3'!A:A,A71)>0,COUNTIF('PM10'!A:A,A71)>0,COUNTIF('PM2.5'!A:A,A71)>0,COUNTIF(Kendaraan!A:A,A71)>0) -> TRUE
A72: 45455 | B72: 64.59 | C72: 67.79 | D72: 65.93 | E72: 65.53 | F72: 67.01 | G72: 0.868 | H72: 24 | I72: =AND(COUNTIF(CO!A:A,A72)>0,COUNTIF('NO2'!A:A,A72)>0,COUNTIF('O3'!A:A,A72)>0,COUNTIF('PM10'!A:A,A72)>0,COUNTIF('PM2.5'!A:A,A72)>0,COUNTIF(Kendaraan!A:A,A72)>0) -> TRUE
A73: 45456 | B73: 67 | C73: 72.65 | D73: 67.88 | E73: 67.18 | F73: 71.03 | G73: 1986 | H73: 24 | I73: =AND(COUNTIF(CO!A:A,A73)>0,COUNTIF('NO2'!A:A,A73)>0,COUNTIF('O3'!A:A,A73)>0,COUNTIF('PM10'!A:A,A73)>0,COUNTIF('PM2.5'!A:A,A73)>0,COUNTIF(Kendaraan!A:A,A73)>0) -> TRUE
A74: 45457 | B74: 64.04 | C74: 73.7 | D74: 72.4 | E74: 66.52 | F74: 73.67 | G74: 3499 | H74: 19 | I74: =AND(COUNTIF(CO!A:A,A74)>0,COUNTIF('NO2'!A:A,A74)>0,COUNTIF('O3'!A:A,A74)>0,COUNTIF('PM10'!A:A,A74)>0,COUNTIF('PM2.5'!A:A,A74)>0,COUNTIF(Kendaraan!A:A,A74)>0) -> TRUE
A75: 45458 | B75: 62.35 | C75: 66.95 | D75: 62.85 | E75: 62.48 | F75: 63.44 | G75: 1047 | H75: 23 | I75: =AND(COUNTIF(CO!A:A,A75)>0,COUNTIF('NO2'!A:A,A75)>0,COUNTIF('O3'!A:A,A75)>0,COUNTIF('PM10'!A:A,A75)>0,COUNTIF('PM2.5'!A:A,A75)>0,COUNTIF(Kendaraan!A:A,A75)>0) -> TRUE
A76: 45459 | B76: 67.59 | C76: 70.34 | D76: 69.58 | E76: 68.94 | F76: 69.75 | G76: 0.777 | H76: 25 | I76: =AND(COUNTIF(CO!A:A,A76)>0,COUNTIF('NO2'!A:A,A76)>0,COUNTIF('O3'!A:A,A76)>0,COUNTIF('PM10'!A:A,A76)>0,COUNTIF('PM2.5'!A:A,A76)>0,COUNTIF(Kendaraan!A:A,A76)>0) -> TRUE
A77: 45460 | B77: 63.83 | C77: 66.95 | D77: 64.91 | E77: 64.34 | F77: 65.62 | G77: 0.852 | H77: 24 | I77: =AND(COUNTIF(CO!A:A,A77)>0,COUNTIF('NO2'!A:A,A77)>0,COUNTIF('O3'!A:A,A77)>0,COUNTIF('PM10'!A:A,A77)>0,COUNTIF('PM2.5'!A:A,A77)>0,COUNTIF(Kendaraan!A:A,A77)>0) -> TRUE
A78: 45461 | B78: 66.27 | C78: 69.09 | D78: 68.17 | E78: 67.29 | F78: 68.55 | G78: 0.814 | H78: 24 | I78: =AND(COUNTIF(CO!A:A,A78)>0,COUNTIF('NO2'!A:A,A78)>0,COUNTIF('O3'!A:A,A78)>0,COUNTIF('PM10'!A:A,A78)>0,COUNTIF('PM2.5'!A:A,A78)>0,COUNTIF(Kendaraan!A:A,A78)>0) -> TRUE
A79: 45462 | B79: 64.31 | C79: 66.69 | D79: 64.83 | E79: 64.4 | F79: 65.81 | G79: 0.847 | H79: 24 | I79: =AND(COUNTIF(CO!A:A,A79)>0,COUNTIF('NO2'!A:A,A79)>0,COUNTIF('O3'!A:A,A79)>0,COUNTIF('PM10'!A:A,A79)>0,COUNTIF('PM2.5'!A:A,A79)>0,COUNTIF(Kendaraan!A:A,A79)>0) -> TRUE
A80: 45463 | B80: 63.98 | C80: 64.48 | D80: 64.28 | E80: 64.16 | F80: 64.33 | G80: 0.12 | H80: 24 | I80: =AND(COUNTIF(CO!A:A,A80)>0,COUNTIF('NO2'!A:A,A80)>0,COUNTIF('O3'!A:A,A80)>0,COUNTIF('PM10'!A:A,A80)>0,COUNTIF('PM2.5'!A:A,A80)>0,COUNTIF(Kendaraan!A:A,A80)>0) -> TRUE
A81: 45464 | B81: 62.23 | C81: 63.83 | D81: 62.57 | E81: 62.35 | F81: 62.92 | G81: 0.455 | H81: 24 | I81: =AND(COUNTIF(CO!A:A,A81)>0,COUNTIF('NO2'!A:A,A81)>0,COUNTIF('O3'!A:A,A81)>0,COUNTIF('PM10'!A:A,A81)>0,COUNTIF('PM2.5'!A:A,A81)>0,COUNTIF(Kendaraan!A:A,A81)>0) -> TRUE
A82: 45465 | B82: 60.54 | C82: 62.27 | D82: 61.76 | E82: 60.82 | F82: 62.12 | G82: 0.64 | H82: 24 | I82: =AND(COUNTIF(CO!A:A,A82)>0,COUNTIF('NO2'!A:A,A82)>0,COUNTIF('O3'!A:A,A82)>0,COUNTIF('PM10'!A:A,A82)>0,COUNTIF('PM2.5'!A:A,A82)>0,COUNTIF(Kendaraan!A:A,A82)>0) -> TRUE
A83: 45466 | B83: 60.48 | C83: 62.65 | D83: 61.58 | E83: 60.83 | F83: 61.99 | G83: 0.657 | H83: 24 | I83: =AND(COUNTIF(CO!A:A,A83)>0,COUNTIF('NO2'!A:A,A83)>0,COUNTIF('O3'!A:A,A83)>0,COUNTIF('PM10'!A:A,A83)>0,COUNTIF('PM2.5'!A:A,A83)>0,COUNTIF(Kendaraan!A:A,A83)>0) -> TRUE
A84: 45467 | B84: 62.71 | C84: 65.4 | D84: 64.02 | E84: 63.35 | F84: 64.9 | G84: 0.86 | H84: 24 | I84: =AND(COUNTIF(CO!A:A,A84)>0,COUNTIF('NO2'!A:A,A84)>0,COUNTIF('O3'!A:A,A84)>0,COUNTIF('PM10'!A:A,A84)>0,COUNTIF('PM2.5'!A:A,A84)>0,COUNTIF(Kendaraan!A:A,A84)>0) -> TRUE
A85: 45468 | B85: 65.45 | C85: 66.06 | D85: 65.65 | E85: 65.53 | F85: 65.81 | G85: 0.168 | H85: 24 | I85: =AND(COUNTIF(CO!A:A,A85)>0,COUNTIF('NO2'!A:A,A85)>0,COUNTIF('O3'!A:A,A85)>0,COUNTIF('PM10'!A:A,A85)>0,COUNTIF('PM2.5'!A:A,A85)>0,COUNTIF(Kendaraan!A:A,A85)>0) -> TRUE
A86: 45469 | B86: 66.02 | C86: 67.08 | D86: 66.56 | E86: 66.42 | F86: 66.88 | G86: 0.299 | H86: 24 | I86: =AND(COUNTIF(CO!A:A,A86)>0,COUNTIF('NO2'!A:A,A86)>0,COUNTIF('O3'!A:A,A86)>0,COUNTIF('PM10'!A:A,A86)>0,COUNTIF('PM2.5'!A:A,A86)>0,COUNTIF(Kendaraan!A:A,A86)>0) -> TRUE
A87: 45470 | B87: 64.84 | C87: 94.63 | D87: 70.83 | E87: 66.31 | F87: 83.37 | G87: 9679 | H87: 23 | I87: =AND(COUNTIF(CO!A:A,A87)>0,COUNTIF('NO2'!A:A,A87)>0,COUNTIF('O3'!A:A,A87)>0,COUNTIF('PM10'!A:A,A87)>0,COUNTIF('PM2.5'!A:A,A87)>0,COUNTIF(Kendaraan!A:A,A87)>0) -> TRUE
A88: 45471 | B88: 97.15 | C88: 123.29 | D88: 120.04 | E88: 110.48 | F88: 122.19 | G88: 7978 | H88: 23 | I88: =AND(COUNTIF(CO!A:A,A88)>0,COUNTIF('NO2'!A:A,A88)>0,COUNTIF('O3'!A:A,A88)>0,COUNTIF('PM10'!A:A,A88)>0,COUNTIF('PM2.5'!A:A,A88)>0,COUNTIF(Kendaraan!A:A,A88)>0) -> TRUE
A89: 45472 | B89: 119.5 | C89: 123.29 | D89: 121.4 | E89: 120.12 | F89: 122.26 | G89: 1169 | H89: 24 | I89: =AND(COUNTIF(CO!A:A,A89)>0,COUNTIF('NO2'!A:A,A89)>0,COUNTIF('O3'!A:A,A89)>0,COUNTIF('PM10'!A:A,A89)>0,COUNTIF('PM2.5'!A:A,A89)>0,COUNTIF(Kendaraan!A:A,A89)>0) -> TRUE
A90: 45473 | B90: 118.06 | C90: 119.12 | D90: 118.39 | E90: 118.31 | F90: 118.47 | G90: 0.225 | H90: 24 | I90: =AND(COUNTIF(CO!A:A,A90)>0,COUNTIF('NO2'!A:A,A90)>0,COUNTIF('O3'!A:A,A90)>0,COUNTIF('PM10'!A:A,A90)>0,COUNTIF('PM2.5'!A:A,A90)>0,COUNTIF(Kendaraan!A:A,A90)>0) -> TRUE
A91: 45474 | B91: 118.62 | C91: 122.77 | D91: 120.24 | E91: 119.57 | F91: 121.77 | G91: 1274 | H91: 24 | I91: =AND(COUNTIF(CO!A:A,A91)>0,COUNTIF('NO2'!A:A,A91)>0,COUNTIF('O3'!A:A,A91)>0,COUNTIF('PM10'!A:A,A91)>0,COUNTIF('PM2.5'!A:A,A91)>0,COUNTIF(Kendaraan!A:A,A91)>0) -> TRUE
A92: 45475 | B92: 123.04 | C92: 125.33 | D92: 124.35 | E92: 124.02 | F92: 124.65 | G92: 0.557 | H92: 24 | I92: =AND(COUNTIF(CO!A:A,A92)>0,COUNTIF('NO2'!A:A,A92)>0,COUNTIF('O3'!A:A,A92)>0,COUNTIF('PM10'!A:A,A92)>0,COUNTIF('PM2.5'!A:A,A92)>0,COUNTIF(Kendaraan!A:A,A92)>0) -> TRUE
A93: 45476 | B93: 121.1 | C93: 123.52 | D93: 121.94 | E93: 121.5 | F93: 122.35 | G93: 0.638 | H93: 23 | I93: =AND(COUNTIF(CO!A:A,A93)>0,COUNTIF('NO2'!A:A,A93)>0,COUNTIF('O3'!A:A,A93)>0,COUNTIF('PM10'!A:A,A93)>0,COUNTIF('PM2.5'!A:A,A93)>0,COUNTIF(Kendaraan!A:A,A93)>0) -> TRUE
A94: 45477 | B94: 120.19 | C94: 122.04 | D94: 121.66 | E94: 120.86 | F94: 121.69 | G94: 0.558 | H94: 24 | I94: =AND(COUNTIF(CO!A:A,A94)>0,COUNTIF('NO2'!A:A,A94)>0,COUNTIF('O3'!A:A,A94)>0,COUNTIF('PM10'!A:A,A94)>0,COUNTIF('PM2.5'!A:A,A94)>0,COUNTIF(Kendaraan!A:A,A94)>0) -> TRUE
A95: 45478 | B95: 120.19 | C95: 123.17 | D95: 120.92 | E95: 120.67 | F95: 121.92 | G95: 0.846 | H95: 24 | I95: =AND(COUNTIF(CO!A:A,A95)>0,COUNTIF('NO2'!A:A,A95)>0,COUNTIF('O3'!A:A,A95)>0,COUNTIF('PM10'!A:A,A95)>0,COUNTIF('PM2.5'!A:A,A95)>0,COUNTIF(Kendaraan!A:A,A95)>0) -> TRUE
A96: 45479 | B96: 121.29 | C96: 124.4 | D96: 123.66 | E96: 122.21 | F96: 124.18 | G96: 1049 | H96: 24 | I96: =AND(COUNTIF(CO!A:A,A96)>0,COUNTIF('NO2'!A:A,A96)>0,COUNTIF('O3'!A:A,A96)>0,COUNTIF('PM10'!A:A,A96)>0,COUNTIF('PM2.5'!A:A,A96)>0,COUNTIF(Kendaraan!A:A,A96)>0) -> TRUE
A97: 45480 | B97: 120.79 | C97: 123.81 | D97: 121.39 | E97: 121.08 | F97: 122.8 | G97: 0.955 | H97: 24 | I97: =AND(COUNTIF(CO!A:A,A97)>0,COUNTIF('NO2'!A:A,A97)>0,COUNTIF('O3'!A:A,A97)>0,COUNTIF('PM10'!A:A,A97)>0,COUNTIF('PM2.5'!A:A,A97)>0,COUNTIF(Kendaraan!A:A,A97)>0) -> TRUE
A98: 45481 | B98: 124.27 | C98: 126.92 | D98: 126.08 | E98: 125.64 | F98: 126.48 | G98: 0.674 | H98: 24 | I98: =AND(COUNTIF(CO!A:A,A98)>0,COUNTIF('NO2'!A:A,A98)>0,COUNTIF('O3'!A:A,A98)>0,COUNTIF('PM10'!A:A,A98)>0,COUNTIF('PM2.5'!A:A,A98)>0,COUNTIF(Kendaraan!A:A,A98)>0) -> TRUE
A99: 45482 | B99: 122.1 | C99: 124.65 | D99: 123.32 | E99: 122.62 | F99: 123.79 | G99: 0.734 | H99: 24 | I99: =AND(COUNTIF(CO!A:A,A99)>0,COUNTIF('NO2'!A:A,A99)>0,COUNTIF('O3'!A:A,A99)>0,COUNTIF('PM10'!A:A,A99)>0,COUNTIF('PM2.5'!A:A,A99)>0,COUNTIF(Kendaraan!A:A,A99)>0) -> TRUE
A100: 45483 | B100: 124.38 | C100: 125.29 | D100: 125.12 | E100: 124.94 | F100: 125.21 | G100: 0.232 | H100: 15 | I100: =AND(COUNTIF(CO!A:A,A100)>0,COUNTIF('NO2'!A:A,A100)>0,COUNTIF('O3'!A:A,A100)>0,COUNTIF('PM10'!A:A,A100)>0,COUNTIF('PM2.5'!A:A,A100)>0,COUNTIF(Kendaraan!A:A,A100)>0) -> TRUE
...

Sheet Kendaraan
A1: TANGGAL | B1: MOTOR | C1: MOBIL | D1: BIS / TRUK | E1: JUMLAH KENDARAAN | F1: CEK
A2: 45337 | B2: 148384 | C2: 55102 | D2: 21131 | E2: 224617 | F2: =AND(COUNTIF(CO!A:A,A2)>0,COUNTIF('NO2'!A:A,A2)>0,COUNTIF('O3'!A:A,A2)>0,COUNTIF('PM10'!A:A,A2)>0,COUNTIF('PM2.5'!A:A,A2)>0,COUNTIF('SO2'!A:A,A2)>0) -> TRUE
A3: 45338 | B3: 161673 | C3: 60396 | D3: 26323 | E3: 248392 | F3: =AND(COUNTIF(CO!A:A,A3)>0,COUNTIF('NO2'!A:A,A3)>0,COUNTIF('O3'!A:A,A3)>0,COUNTIF('PM10'!A:A,A3)>0,COUNTIF('PM2.5'!A:A,A3)>0,COUNTIF('SO2'!A:A,A3)>0) -> TRUE
A4: 45342 | B4: 165764 | C4: 60934 | D4: 26548 | E4: 253246 | F4: =AND(COUNTIF(CO!A:A,A4)>0,COUNTIF('NO2'!A:A,A4)>0,COUNTIF('O3'!A:A,A4)>0,COUNTIF('PM10'!A:A,A4)>0,COUNTIF('PM2.5'!A:A,A4)>0,COUNTIF('SO2'!A:A,A4)>0) -> TRUE
A5: 45343 | B5: 143283 | C5: 54033 | D5: 26256 | E5: 223572 | F5: =AND(COUNTIF(CO!A:A,A5)>0,COUNTIF('NO2'!A:A,A5)>0,COUNTIF('O3'!A:A,A5)>0,COUNTIF('PM10'!A:A,A5)>0,COUNTIF('PM2.5'!A:A,A5)>0,COUNTIF('SO2'!A:A,A5)>0) -> TRUE
A6: 45344 | B6: 184188 | C6: 63106 | D6: 26807 | E6: 274101 | F6: =AND(COUNTIF(CO!A:A,A6)>0,COUNTIF('NO2'!A:A,A6)>0,COUNTIF('O3'!A:A,A6)>0,COUNTIF('PM10'!A:A,A6)>0,COUNTIF('PM2.5'!A:A,A6)>0,COUNTIF('SO2'!A:A,A6)>0) -> TRUE
A7: 45372 | B7: 185771 | C7: 59183 | D7: 25106 | E7: 270060 | F7: =AND(COUNTIF(CO!A:A,A7)>0,COUNTIF('NO2'!A:A,A7)>0,COUNTIF('O3'!A:A,A7)>0,COUNTIF('PM10'!A:A,A7)>0,COUNTIF('PM2.5'!A:A,A7)>0,COUNTIF('SO2'!A:A,A7)>0) -> TRUE
A8: 45373 | B8: 172673 | C8: 61134 | D8: 23582 | E8: 257389 | F8: =AND(COUNTIF(CO!A:A,A8)>0,COUNTIF('NO2'!A:A,A8)>0,COUNTIF('O3'!A:A,A8)>0,COUNTIF('PM10'!A:A,A8)>0,COUNTIF('PM2.5'!A:A,A8)>0,COUNTIF('SO2'!A:A,A8)>0) -> TRUE
A9: 45377 | B9: 171563 | C9: 60161 | D9: 26248 | E9: 257972 | F9: =AND(COUNTIF(CO!A:A,A9)>0,COUNTIF('NO2'!A:A,A9)>0,COUNTIF('O3'!A:A,A9)>0,COUNTIF('PM10'!A:A,A9)>0,COUNTIF('PM2.5'!A:A,A9)>0,COUNTIF('SO2'!A:A,A9)>0) -> TRUE
A10: 45383 | B10: 185013 | C10: 69963 | D10: 26633 | E10: 281609 | F10: =AND(COUNTIF(CO!A:A,A10)>0,COUNTIF('NO2'!A:A,A10)>0,COUNTIF('O3'!A:A,A10)>0,COUNTIF('PM10'!A:A,A10)>0,COUNTIF('PM2.5'!A:A,A10)>0,COUNTIF('SO2'!A:A,A10)>0) -> TRUE
A11: 45384 | B11: 148613 | C11: 57298 | D11: 25567 | E11: 231478 | F11: =AND(COUNTIF(CO!A:A,A11)>0,COUNTIF('NO2'!A:A,A11)>0,COUNTIF('O3'!A:A,A11)>0,COUNTIF('PM10'!A:A,A11)>0,COUNTIF('PM2.5'!A:A,A11)>0,COUNTIF('SO2'!A:A,A11)>0) -> TRUE
A12: 45385 | B12: 185635 | C12: 66703 | D12: 27783 | E12: 280121 | F12: =AND(COUNTIF(CO!A:A,A12)>0,COUNTIF('NO2'!A:A,A12)>0,COUNTIF('O3'!A:A,A12)>0,COUNTIF('PM10'!A:A,A12)>0,COUNTIF('PM2.5'!A:A,A12)>0,COUNTIF('SO2'!A:A,A12)>0) -> TRUE
A13: 45386 | B13: 162905 | C13: 66811 | D13: 32650 | E13: 262366 | F13: =AND(COUNTIF(CO!A:A,A13)>0,COUNTIF('NO2'!A:A,A13)>0,COUNTIF('O3'!A:A,A13)>0,COUNTIF('PM10'!A:A,A13)>0,COUNTIF('PM2.5'!A:A,A13)>0,COUNTIF('SO2'!A:A,A13)>0) -> TRUE
... A453: 45869 | B453: 177080 | C453: 56416 | D453: 28934 | E453: 262430 | F453: =AND(COUNTIF(CO!A:A,A453)>0,COUNTIF('NO2'!A:A,A453)>0,COUNTIF('O3'!A:A,A453)>0,COUNTIF('PM10'!A:A,A453)>0,COUNTIF('PM2.5'!A:A,A453)>0,COUNTIF('SO2'!A:A,A453)>0) -> TRUE
